Solar,Wind
0,0
0.03243483,0
0.14983894,0
0.27324843,0
0.35901433,0.026333012
0.40089473,0.059148833
0.39047024,0.056304645
0.32023862,0.05125935
0.21940503,0.07168746
0.083397865,0.2151898
0.002673208,0.36198297
0,0.3402252
0,0.27175555
0,0.15839712
0,0.08560872
0,0.049014464
0,0.013160134
0,0
0,0
0,0
0,0.009299958
0,0.008120477
0,0
0,0
0,0
0.03250852,0
0.15445925,0
0.28365386,0
0.37517032,0.030031037
0.40805164,0.079563476
0.3954237,0.124684535
0.33159718,0.13644494
0.22133078,0.102316074
0.085538216,0.11091233
0.003027462,0.12865782
0,0.14863706
0,0.13869499
0,0.17644669
0,0.22586904
0,0.27821803
0,0.31483746
0,0.31128263
0,0.26824677
0,0.23557325
0,0.22511403
0,0.249625
0,0.10305514
0,0.06885726
0,0.08923936
0.032132488,0.20703946
0.15460736,0.1756487
0.2777086,0.16251042
0.36942464,0.2211033
0.40777114,0.27613986
0.40090564,0.29723027
0.33890018,0.29780698
0.22871059,0.24643904
0.08970454,0.18922554
0.003489955,0.13965861
0,0.09439786
0,0.069462225
0,0.06002052
0,0.07784009
0,0.09797714
0,0.09922094
0,0.0855026
0,0.06294489
0,0.02042781
0,0
0,0
0,0.015385628
0,0.07216124
0,0.13250335
0.03501697,0.20448893
0.1649197,0.26846817
0.2980634,0.33892506
0.3895643,0.4722229
0.4231145,0.5664925
0.41090336,0.57937115
0.3446761,0.5483356
0.23273443,0.47959092
0.09271025,0.45473927
0.003921061,0.45460728
0,0.40769276
0,0.42323232
0,0.47410253
0,0.501888
0,0.51286876
0,0.486112
0,0.46076992
0,0.41195098
0,0.34525493
0,0.31742004
0,0.3358349
0,0.25912744
0,0.30312416
0,0.40396258
0.03481054,0.4093711
0.16428335,0.39990866
0.29384387,0.3355121
0.38461676,0.43120342
0.41596526,0.6076959
0.39287424,0.6863973
0.32324728,0.76495117
0.19815558,0.77539355
0.07583644,0.8465445
0.003867484,0.69690436
0,0.79840577
0,0.90144295
0,0.9450584
0,0.9507896
0,0.9292639
0,0.8515081
0,0.8106006
0,0.77958506
0,0.7201116
0,0.7149288
0,0.68893176
0,0.6203781
0,0.56564224
0,0.50803673
0.03625594,0.43516123
0.17095079,0.27598643
0.30379015,0.31720823
0.39530507,0.33867773
0.42966464,0.38204032
0.41699016,0.4261421
0.35130197,0.45491758
0.23897846,0.4314388
0.097473614,0.359544
0.004816562,0.3219998
0,0.35860646
0,0.31782135
0,0.2965064
0,0.32099396
0,0.31782854
0,0.26188618
0,0.24217883
0,0.2281498
0,0.23404287
0,0.23788252
0,0.24751347
0,0.17105818
0,0.15998155
0,0.23568183
0.030696422,0.33182353
0.15990083,0.32068884
0.2868083,0.23609829
0.3783146,0.3500685
0.41326547,0.4276546
0.40189144,0.39500612
0.32101685,0.40358454
0.20711453,0.41608712
0.08330879,0.40946725
0.004610206,0.34053877
0,0.3197962
0,0.367148
0,0.35889408
0,0.3013694
0,0.2555642
0,0.18772514
0,0.13927998
0,0.10374191
0,0.089164235
0,0.07248299
0,0.058352064
0,0.08264232
0,0.07888934
0,0.074712776
0.03463709,0.07239807
0.16060711,0.055965852
0.28246832,0
0.35979956,0
0.3697451,0
0.35157165,0.027069569
0.29123026,0.030664658
0.20736983,0.03216841
0.091043934,0.06607082
0.005613696,0.10760791
0,0.07857635
0,0.0495875
0,0.044591416
0,0.04440155
0,0.053657245
0,0.056617737
0,0.04109422
0,0.020399798
0,0
0,0
0,0
0,0
0,0
0,0
0.035482876,0.008331251
0.16246076,0
0.2854264,0
0.37411982,0
0.4073532,0.060422704
0.39855498,0.09770623
0.3393515,0.113939576
0.23467612,0.090434074
0.10119815,0.09897453
0.006459637,0.10459452
0,0.06427446
0,0.031783365
0,0.044959843
0,0.083104014
0,0.13773999
0,0.14585474
0,0.14252567
0,0.14286287
0,0.12856612
0,0.14009948
0,0.15617391
0,0.08201794
0,0.06490028
0,0.06146593
0.036716968,0.07836516
0.16746415,0.12954801
0.2961413,0.114912525
0.3863612,0.19458608
0.42028332,0.19756208
0.40975305,0.19313997
0.34937257,0.19848286
0.24186103,0.17636277
0.10045179,0.27844828
0.007053829,0.3082002
0,0.31601718
0,0.36597764
0,0.4190117
0,0.46724284
0,0.5577998
0,0.5968745
0,0.58607644
0,0.55393285
0,0.55581206
0,0.53296715
0,0.5415649
0,0.45153502
0,0.5268685
0,0.48037574
0.028280461,0.40112585
0.10445884,0.2806595
0.15896603,0.2815681
0.23109996,0.3436484
0.32991797,0.35241276
0.31942132,0.3152966
0.30187237,0.3201731
0.23053586,0.30613986
0.096283264,0.3087027
0.007712726,0.29386032
0,0.3384535
0,0.42319903
0,0.49262422
0,0.5406643
0,0.5553314
0,0.53411347
0,0.48867345
0,0.4353629
0,0.37861964
0,0.3330034
0,0.29028198
0,0.06589339
0,0.08137367
0,0.12591289
0.029953424,0.29064313
0.13587616,0.28473043
0.24197683,0.09482022
0.29559895,0.06871088
0.34357044,0.08309779
0.34327695,0.05393309
0.3210981,0.03316344
0.233133,0.01585777
0.10900374,0.05101967
0.008269078,0
0,0.12905203
0,0.4393742
0,0.4774723
0,0.5124601
0,0.5278558
0,0.6322547
0,0.7599541
0,0.79748493
0,0.7951269
0,0.8293094
0,0.9669676
0,1
0,1
0,1
0.015607245,1
0.06278785,1
0.14048472,1
0.21387897,1
0.26087993,1
0.29878122,1
0.25763527,1
0.1793014,1
0.09247822,1
0.008713691,0.96508145
0,0.9003848
0,0.8695445
0,0.7839184
0,0.7137833
0,0.6615753
0,0.6380874
0,0.55725807
0,0.51329964
0,0.5082044
0,0.44782212
0,0.29808795
0,0.16028135
0,0.076204084
0,0.03793999
0.036575146,0
0.16327125,0.001817417
0.2963177,0.02729187
0.39593637,0.052552436
0.46460664,0.10822325
0.46556735,0.28281894
0.38284713,0.3453239
0.25828037,0.39020082
0.11504163,0.33961847
0.011090002,0.2079395
0,0.22226948
0,0.22015928
0,0.2508779
0,0.3055166
0,0.35882488
0,0.4092038
0,0.50309634
0,0.51483274
0,0.47599468
0,0.41737467
0,0.36656007
0,0.28259677
0,0.29984203
0,0.3151193
0.045950193,0.27892977
0.19984259,0.18851204
0.34632018,0.23834863
0.44729057,0.23831314
0.4885666,0.27904868
0.47999406,0.3536111
0.41374442,0.42031607
0.29564872,0.44666278
0.13997349,0.38658085
0.013422158,0.37434834
0,0.4110123
0,0.48177314
0,0.57601625
0,0.63399315
0,0.6093114
0,0.5774567
0,0.6263309
0,0.6411853
0,0.59768224
0,0.5876071
0,0.652342
0,0.6599302
0,0.67300063
0,0.66999286
0.046210654,0.64278126
0.19812745,0.5499872
0.34470212,0.6961723
0.44739762,0.737747
0.49072322,0.85479647
0.48158056,0.8825821
0.41238025,0.8377436
0.2945721,0.73155725
0.13996744,0.60526496
0.014136686,0.46909198
0,0.54495573
0,0.5169617
0,0.49890572
0,0.4827914
0,0.45690235
0,0.50243056
0,0.5275268
0,0.4797981
0,0.4049544
0,0.32548326
0,0.27557752
0,0.19843982
0,0.23266181
0,0.24574995
0.043773845,0.22093843
0.18968393,0.09638162
0.33142737,0.16836746
0.43232358,0.26405096
0.47586757,0.33951554
0.4677016,0.34409264
0.36333108,0.33031112
0.25874355,0.29509535
0.13326962,0.28281304
0.014879022,0.2791327
0,0.41109845
0,0.5157675
0,0.6229868
0,0.7173874
0,0.7718673
0,0.78557885
0,0.8532643
0,0.908059
0,0.9101832
0,0.87083405
0,0.8171215
0,0.7021356
0,0.71740294
0,0.6727978
0.045769706,0.7466959
0.19414464,0.66801995
0.33798003,0.7557064
0.4396241,0.8367459
0.48220837,0.8578162
0.47402796,0.88711506
0.40928125,0.8687143
0.29473767,0.8135863
0.14338183,0.70908546
0.01618224,0.59063506
0,0.6574292
0,0.7605874
0,0.8418389
0,0.8703498
0,0.9066303
0,0.8984926
0,0.85390997
0,0.7884065
0,0.71185946
0,0.66552424
0,0.6044836
0,0.52311474
0,0.5117737
0,0.4868378
0.043268085,0.4201088
0.1954048,0.44848272
0.35025746,0.61475325
0.45714557,0.67672557
0.50237316,0.66728806
0.49101722,0.6459004
0.4250446,0.6152329
0.31017712,0.5721817
0.15432204,0.5235998
0.018604789,0.3575155
0,0.25871006
0,0.15582329
0,0.070799395
0,0.030908799
0,0.007577658
0,0.008458101
0,0.025319064
0,0.049347974
0,0.0781369
0,0.14029463
0,0.2558112
0,0.33857062
0,0.40302628
0,0.45684463
0.05116914,0.55030334
0.20608194,0.5285775
0.3531007,0.63795483
0.45607793,0.7575729
0.49462554,0.8469837
0.48535553,0.8755623
0.4207792,0.864695
0.30271026,0.84376854
0.1490743,0.7884169
0.018773196,0.7774443
0,0.8090045
0,0.8159679
0,0.7858501
0,0.70377034
0,0.63397855
0,0.5346405
0,0.42729113
0,0.3673321
0,0.31656107
0,0.2608687
0,0.23017707
0,0.21395434
0,0.32610106
0,0.24881257
0.049402393,0.23405786
0.19767915,0.1369254
0.3405579,0.25526133
0.44135463,0.35686642
0.4842913,0.53219664
0.46657327,0.6010169
0.41090205,0.64123845
0.29511467,0.6259597
0.14261739,0.5178435
0.01889556,0.27748087
0,0.26376563
0,0.21289873
0,0.1736708
0,0.13318025
0,0.08584082
0,0.09123917
0,0.21721585
0,0.25250548
0,0.17708841
0,0.17756328
0,0.28708184
0,0.15086922
0,0.21311572
0,0.30817693
0.04657432,0.24307871
0.16972162,0.15148333
0.21557893,0.41582432
0.3747745,0.7525048
0.38536727,0.7741992
0.4146116,0.97204065
0.33725172,1
0.23730381,0.973456
0.121402435,0.8122381
0.017203799,0.6196544
0,0.59884316
0,0.52365375
0,0.38167706
0,0.27993172
0,0.17293917
0,0.2398093
0,0.37167722
0,0.45832583
0,0.5565429
0,0.5775654
0,0.5677294
0,0.695812
0,0.51801956
0,0.45416397
0.05377143,0.4089117
0.2164292,0.35249645
0.3759997,0.4608464
0.48688883,0.6298355
0.54061526,0.6995353
0.5343595,0.7731422
0.4713861,0.7862162
0.3500947,0.76393086
0.18238412,0.70829296
0.027054103,0.4070184
0,0.4014815
0,0.441979
0,0.56380916
0,0.59383357
0,0.56044734
0,0.4851751
0,0.42567354
0,0.37218353
0,0.29884535
0,0.23841509
0,0.17142805
0,0.07789779
0,0.072981626
0,0.08401003
0.059074506,0.17498542
0.22456844,0.23473376
0.37935707,0.38393164
0.48793128,0.48441553
0.5302389,0.5320169
0.5222673,0.56256115
0.4557654,0.56409806
0.33420098,0.5565989
0.17443678,0.5263967
0.02714026,0.50948644
0,0.58145976
0,0.7150309
0,0.776187
0,0.7865921
0,0.75352734
0,0.7773763
0,0.7704398
0,0.73245907
0,0.69705015
0,0.70373386
0,0.66609937
0,0.56146646
0,0.59291744
0,0.59744495
0.05612949,0.5136953
0.21885297,0.37968847
0.36970076,0.43075904
0.4768796,0.49294525
0.5196773,0.51261765
0.51276726,0.5368007
0.44901347,0.54072857
0.33075818,0.48278677
0.1725213,0.357469
0.027808663,0.16084868
0,0.21051748
0,0.20707573
0,0.3458416
0,0.38804048
0,0.3946434
0,0.3514526
0,0.30390006
0,0.24627872
0,0.19756931
0,0.18706787
0,0.17671357
0,0.19793797
0,0.11124229
0,0.065789245
0.056563955,0.04761003
0.20925601,0.022763096
0.35431832,0.06400091
0.45974222,0.18798234
0.5061729,0.33466163
0.49058825,0.45702046
0.4137525,0.5089428
0.29567617,0.47674286
0.1488678,0.45583564
0.028237836,0.40944266
0,0.36864802
0,0.40351212
0,0.49701807
0,0.5819207
0,0.64367867
0,0.69914836
0,0.71960855
0,0.68801785
0,0.5957079
0,0.48564005
0,0.37961134
0,0.26450807
0,0.24015568
0,0.27338895
0.062434666,0.33271432
0.22298716,0.30121875
0.3750049,0.50664026
0.48406145,0.6701756
0.5297521,0.72527957
0.5235859,0.7059324
0.45925826,0.66549706
0.3418413,0.6351706
0.18328598,0.5731308
0.032466654,0.52259487
0,0.5369141
0,0.5534554
0,0.591649
0,0.59161365
0,0.58868265
0,0.5773452
0,0.5590244
0,0.4875025
0,0.43260762
0,0.3681363
0,0.3395218
0,0.30748054
0,0.3109296
0,0.41341534
0.06299984,0.5252388
0.22071216,0.49653384
0.36966377,0.58868843
0.47408634,0.6432488
0.5143476,0.6644685
0.5076299,0.636754
0.44584382,0.6163315
0.33208102,0.59217054
0.1796575,0.55703133
0.033464145,0.6341379
0,0.67410403
0,0.70985556
0,0.7168184
0,0.74126226
0,0.75096345
0,0.7248833
0,0.6624729
0,0.58016735
0,0.48575816
0,0.38614866
0,0.2903666
0,0.132692
0,0.12465278
1.80E-05,0.18121797
0.062324334,0.19426765
0.21285486,0.11090289
0.35410053,0.08923624
0.45502883,0.17210439
0.49705508,0.26024234
0.49421796,0.29687867
0.4365288,0.2723748
0.3268475,0.18689302
0.17874782,0.1260862
0.035258163,0.19057828
0,0.22922637
0,0.29184783
0,0.3810674
0,0.48378414
0,0.5490807
0,0.6053165
0,0.6413864
0,0.6302269
0,0.61178285
0,0.5847706
0,0.5435899
0,0.4104921
0,0.4084436
3.61E-05,0.40623266
0.06633683,0.4071047
0.22042905,0.33018366
0.36373103,0.30472776
0.46612653,0.48216778
0.50348556,0.53363943
0.49652773,0.49404022
0.4367538,0.45366836
0.3274783,0.40893614
0.17942755,0.3237899
0.036591426,0.28516677
0,0.28548527
0,0.2583632
0,0.24584024
0,0.24810386
0,0.26718652
0,0.30403012
0,0.33683953
0,0.37095946
0,0.3492615
0,0.3917733
0,0.40388954
0,0.42831182
0,0.37762076
7.23E-05,0.36765748
0.06798838,0.40767217
0.22441511,0.3343464
0.36945045,0.43336508
0.4706465,0.4949434
0.5157839,0.5879576
0.51150113,0.687109
0.45232335,0.7317998
0.34511548,0.72833675
0.19249111,0.7099634
0.04106397,0.885768
0,1
0,1
0,0.94716203
0,0.7477927
0,0.5896092
0,0.5443343
0,0.5103819
0,0.46153194
0,0.33427542
0,0.20821753
0,0.2616922
0,0.28910413
0,0.2784222
0.000145824,0.29067114
0.06323687,0.19006054
0.19819337,0.04888965
0.331757,0.05239778
0.45641637,0.06147196
0.51523995,0.014522386
0.5035273,0
0.44630608,0
0.33755398,0
0.19069397,0
0.042215712,0
0,0
0,0.030519271
0,0.006463123
0,0
0,0
0,0
0,0
0,0
0,0.00403099
0,0.015593326
0,0.017729543
0,0.024779463
0,0.03233974
0.000176665,0
0.046078164,0
0.12450763,0.042048834
0.23329502,0.09372061
0.34173286,0.12927672
0.45810926,0.08753171
0.49322784,0.07674448
0.43538395,0.0820329
0.32856742,0.09221516
0.18818128,0.1110919
0.043130957,0.09985156
0,0.09510901
0,0.059008125
0,0.005783284
0,0
0,0
0,0
0,0.018698383
0,0.03663297
0,0.05706079
0,0.07227626
0,0.09737992
0,0.17811555
0,0.17646846
0.000323973,0.12388626
0.07264111,0.086530015
0.2243862,0.027250946
0.36055785,0.047518577
0.4573263,0.06142592
0.50039,0.07806344
0.49968097,0.119786486
0.43913293,0.18482414
0.3428551,0.21683384
0.19677532,0.2148379
0.046397876,0.13270406
0,0.09780228
0,0.059769917
0,0.0330206
0,0.002551723
0,0
0,0
0,0
0,0
0,0
0,0.012542045
0,0.047714666
0,0.06319848
0,0.068301365
0.00048946,0.09544664
0.078300096,0.19026287
0.23639703,0.20565137
0.3829508,0.27930942
0.48725566,0.40851012
0.5282464,0.5056568
0.5245046,0.5274037
0.4644435,0.4957557
0.35273185,0.433964
0.20200032,0.35006586
0.049157582,0.33220437
0,0.30661535
0,0.3079772
0,0.35432398
0,0.4114169
0,0.44382992
0,0.43214044
0,0.3824914
0,0.28762195
0,0.19911538
0,0.13523006
0,0.09176212
0,0.021046473
0,0
0.000553444,0
0.06767382,0.013536322
0.22618835,0.00583384
0.36633798,0.029772805
0.46443626,0.057379987
0.50592977,0.09268813
0.5017281,0.098616526
0.44660318,0.14165932
0.34437793,0.18055859
0.19590794,0.17943273
0.047747515,0.23473853
0,0.30510536
0,0.20977978
0,0.091437936
0,0.05205846
0,0.02307304
0,0.001293445
0,0
0,0
0,0
0,0
0,0
0,0
0,0
0.000848993,0
0.07635518,0
0.21949214,0.015607452
0.36171812,0.05622797
0.45038563,0.1678833
0.4708186,0.28373647
0.43750277,0.33355165
0.38152772,0.37586522
0.2925423,0.37955475
0.17999099,0.36635634
0.050245184,0.35647932
0,0.34012225
0,0.30815712
0,0.28264362
0,0.29612243
0,0.25629497
0,0.20206782
0,0.21723025
0,0.20881581
0,0.17236845
0,0.10770307
0,0.07890427
0,0.045620885
0,0.018636059
0.001083557,0.009671855
0.08238452,0.016019141
0.23621804,0
0.37577805,0
0.4718989,0
0.51524484,0.033497132
0.5143122,0.078274675
0.45834607,0.14925706
0.35512406,0.2504536
0.21040188,0.3637282
0.056355234,0.42031592
0,0.43221748
0,0.38876918
0,0.3061417
0,0.18677017
0,0.091957115
0,0.09616408
0,0.14027096
0,0.1433377
0,0.12576006
0,0.112764366
0,0.097933486
0,0.06625559
0,0.050357673
0.001267343,0.03303763
0.06371148,0.00890448
0.16537511,0
0.2879186,0
0.3918495,0
0.39443612,5.01E-05
0.38869417,0.010651124
0.33104718,0.007296335
0.230473,0.018530108
0.124772504,0.018670797
0.030885566,0
0,0
0,0
0,0
0,0
0,0.019936204
0,0.07469926
0,0.08942229
0,0.10838866
0,0.08600245
0,0.082879186
0,0.15107073
0,0.25605983
0,0.17011294
0.000997204,0.14047468
0.049007468,0.14559981
0.16391824,0.23428291
0.3148907,0.23226196
0.39916882,0.33426952
0.45241565,0.44663116
0.4124217,0.51687914
0.30333608,0.5311856
0.21804893,0.49125698
0.11673178,0.35421166
0.037436575,0.104793884
1.74E-05,0.06795283
0,0.059029054
0,0.057232976
0,0.07540805
0,0.185391
0,0.30584693
0,0.3858968
0,0.42613867
0,0.45850235
0,0.5220292
0,0.5665853
0,0.54349554
0,0.6392386
0.002092089,0.7146589
0.09430384,0.8601786
0.26143646,0.8574041
0.40769994,0.8456328
0.50833595,0.79295504
0.55487037,0.82597715
0.54886657,0.8519322
0.4875613,0.84049875
0.370241,0.76988626
0.21628797,0.6608783
0.061780874,0.5041262
5.22E-05,0.42479935
0,0.400228
0,0.47212806
0,0.5574122
0,0.56151074
0,0.4899603
0,0.41320693
0,0.37677994
0,0.33427003
0,0.22834653
0,0.10998837
0,0.036806807
0,0.024997974
0.002199743,0.034673717
0.07384674,0.072535396
0.20131984,0.084441066
0.35666972,0.15574501
0.43039876,0.2103625
0.4658929,0.13256986
0.40898153,0.055083107
0.30793613,0.012773991
0.25424466,0
0.13319443,0
0.04843218,0
0.000119954,0.12701754
0,0.5705341
0,0.80317307
0,0.87808067
0,0.83435607
0,0.79642254
0,0.90616035
0,0.94538957
0,0.94069827
0,0.96964765
0,0.9905729
0,1
0,1
0.002227829,1
0.06215853,1
0.13327159,1
0.3125228,0.89684397
0.42199075,1
0.4657284,1
0.5041013,0.91868865
0.43458351,0.92766863
0.35638002,0.9852157
0.24392515,1
0.07569472,0.94214815
0.00027463,0.93716955
0,0.96030194
0,0.89393127
0,0.8393217
0,0.7560227
0,0.67305344
0,0.6409641
0,0.67677915
0,0.69130135
0,0.6267495
0,0.6093675
0,0.5730457
0,0.55957806
0.003849613,0.5617957
0.111120686,0.3905396
0.283213,0.26295587
0.4318127,0.17878583
0.53356487,0.10896808
0.57280815,0.07087839
0.5566643,0.03176384
0.49865973,0.009247506
0.39246142,0.026813257
0.24004635,0.067600876
0.07566892,0.11047478
0.000424291,0.20992924
0,0.16740327
0,0.0965367
0,0.08093824
0,0.053178478
0,0
0,0
0,0
0,0
0,0
0,0
0,0
0,0
0.00325544,0
0.07323422,0.011813521
0.18581094,0.003905773
0.303803,0.028610073
0.36938795,0.052652527
0.40227926,0.07458727
0.40421274,0.08903704
0.40399817,0.095368624
0.3329691,0.09822182
0.19600002,0.088341355
0.067677066,0.08292089
0.000559175,0.07774856
0,0.05521159
0,0.030521262
0,0.030899297
0,0.047249675
0,0.06733153
0,0.0771033
0,0.08793935
0,0.08376115
0,0.08107245
0,0.07306581
0,0.062228728
0,0.06450381
0.004219749,0.08422029
0.10468695,0.091547824
0.26936218,0.083428144
0.4159846,0.15185186
0.5190451,0.26447228
0.54646504,0.39539826
0.5032195,0.46454406
0.40231848,0.48594308
0.2955564,0.45703965
0.18651776,0.42452368
0.057566494,0.29235166
0.00074477,0.22140916
0,0.16749711
0,0.16012998
0,0.16184002
0,0.17633297
0,0.1651155
0,0.18670647
0,0.23211953
0,0.24324667
0,0.21726607
0,0.17273684
0,0.113553405
0,0.08804421
0.005423835,0.07947402
0.108336866,0.057672307
0.27051473,0.030058576
0.41377795,0.086252786
0.52181596,0.29087567
0.5629866,0.45133722
0.53855455,0.516617
0.44501698,0.44743368
0.3986331,0.3641502
0.24673343,0.33090723
0.08323812,0.18185532
0.001078096,0.12566318
0,0.14680476
0,0.14696637
0,0.08102839
0,0.06918726
0,0.07384942
0,0.089290045
0,0.091593504
0,0.18808442
0,0.08392449
0,0.059018657
0,0.003196478
0,0
0.003850955,0
0.0628257,0
0.16532955,0.018497955
0.32300454,0.052035235
0.49025375,0.049834587
0.5489372,0.061437562
0.5442839,0.07270953
0.48359945,0.07717242
0.32651696,0.049283434
0.18390079,0.15079448
0.070061766,0.065782025
0.001151192,0
0,0.033023622
0,0.212403
0,0.21294197
0,0.09906051
0,0.05686617
0,0
0,0
0,0
0,0
0,0.33815196
0,0.6244203
0,0.5715523
0.003920975,0.59469694
0.06562715,0.719475
0.23046896,0.65354884
0.41616806,0.6058802
0.5487133,0.64758396
0.601934,0.7010191
0.6105015,0.6927504
0.53350246,0.66138184
0.43362656,0.6811012
0.27318546,0.70326424
0.0962122,0.52565336
0.001831102,0.4880284
0,0.5081339
0,0.5611455
0,0.6088872
0,0.6040896
0,0.5480087
0,0.5194639
0,0.5094878
0,0.48785868
0,0.48530063
0,0.5166422
0,0.3380853
0,0.35103106
0.008763842,0.3710975
0.1310024,0.31742394
0.3007991,0.22209872
0.44998285,0.31585288
0.55199593,0.3234776
0.5912999,0.35117853
0.58636814,0.39641073
0.5254864,0.435058
0.4138446,0.46064717
0.26207876,0.4475679
0.09414289,0.24515605
0.002179463,0.2701919
0,0.2681621
0,0.23850234
0,0.24840498
0,0.22179821
0,0.17930627
0,0.14314084
0,0.12497483
0,0.1201235
0,0.1123343
0,0.10303406
0,0.08270011
0,0.039871264
0.009811365,0.044252753
0.13342698,0.062431525
0.29712978,0.007918298
0.43683556,0
0.5119409,0
0.5452119,0
0.5406637,0
0.4611638,0
0.3500806,0
0.22449763,0
0.081822105,0
0.002159384,0
0,0.002761817
0,0.05166686
0,0.09788198
0,0.18650451
0,0.20448108
0,0.18577985
0,0.22716777
0,0.3922199
0,0.555802
0,0.5679723
0,0.49032056
0,0.4319413
0.006893309,0.42008418
0.08415423,0.49644935
0.1611808,0.5213689
0.22718205,0.6733732
0.34842417,0.7374305
0.3934128,0.7771113
0.33833888,0.8377918
0.27213487,0.74666923
0.18361636,0.6204075
0.11451908,0.4427087
0.054913744,0.12949283
0.002198505,0.13021159
0,0.12610239
0,0.1585933
0,0.15802903
0,0.124666885
0,0.0941165
0,0.13855024
0,0.096963905
0,0.07249527
0,0.065544315
0,0.055751488
0,0.039700843
0,0.029068805
0.011597472,0.0426878
0.1354316,0.07168374
0.29862422,0.05205007
0.43945488,0.06895058
0.5362917,0.06853645
0.5741524,0.09333446
0.5706432,0.13588005
0.51374567,0.1828027
0.40784672,0.20426993
0.2624566,0.19012283
0.1002655,0.10388617
0.003499358,0.07998237
0,0.036442947
0,0.000726092
0,0
0,0.013126302
0,0.011189889
0,0.015721096
0,0.015608109
0,0.013104213
0,0
0,0
0,0
0,0
0.01113434,0
0.12416792,0
0.27192077,0
0.40100637,0
0.50772274,0
0.5434766,0
0.51455814,0
0.33904353,0.015999233
0.2483543,0.11898194
0.15862972,0.40444267
0.068042055,0.6332251
0.002941917,0.660316
0,0.6182951
0,0.5402033
0,0.49357098
0,0.45798907
0,0.45925695
0,0.47146952
0,0.46435347
0,0.4158631
0,0.37651858
0,0.35793805
0,0.3105687
0,0.25260326
0.01506946,0.20055445
0.1504446,0.08258398
0.3202199,0.0749104
0.4635259,0.03912772
0.5590135,0
0.5940496,0
0.58866346,0
0.53444266,0
0.4280548,0
0.27939746,0.009297526
0.111737736,0.074960515
0.004870378,0.22177039
0,0.25066006
0,0.14555886
0,0.062501505
0,0.007158542
0,0
0,0
0,0
0,0
0,0
0,0.034044314
0,0.040122163
0,0.054075673
0.016557004,0.0634649
0.15141818,0.0873272
0.31855506,0.13115992
0.46476376,0.26807696
0.566144,0.33238807
0.6047102,0.35709023
0.5994695,0.3421649
0.5432657,0.3137788
0.4331557,0.27457443
0.282662,0.25205323
0.11319465,0.20728989
0.00547052,0.3047201
0,0.32345137
0,0.34732223
0,0.4417147
0,0.5648205
0,0.64211714
0,0.6817974
0,0.6743364
0,0.7229388
0,0.8485943
0,0.8798281
0,0.80265707
0,0.6788858
0.016321193,0.5888956
0.15036105,0.5521879
0.30966863,0.57658494
0.4389126,0.6360722
0.5460383,0.65760994
0.56988466,0.68151236
0.58688855,0.72112834
0.5317807,0.742921
0.42614892,0.7493945
0.2769357,0.7228927
0.110757485,0.6653309
0.005813466,0.7509993
0,0.84320194
0,0.86881405
0,0.87264866
0,0.8658219
0,0.8290699
0,0.78749216
0,0.75395256
0,0.72504604
0,0.6815247
0,0.6309589
0,0.5471418
0,0.54545563
0.018816251,0.52723694
0.14106293,0.4882192
0.30194497,0.47948524
0.40474427,0.42438495
0.5404524,0.42584708
0.58500034,0.4320658
0.57916546,0.4347788
0.5143882,0.40036774
0.41571593,0.34883547
0.27395666,0.35868737
0.1112343,0.40984228
0.006410536,0.5110511
0,0.55316246
0,0.54303247
0,0.549465
0,0.58152425
0,0.64074045
0,0.681945
0,0.642938
0,0.56384254
0,0.5205157
0,0.46234384
0,0.3038782
0,0.24954043
0.022287825,0.16533658
0.169203,0.0915273
0.34057915,0.09290054
0.4875503,0.133572
0.5883932,0.17084575
0.6298563,0.21438988
0.62489814,0.25734296
0.5669132,0.27276275
0.45503962,0.2400457
0.30089435,0.18664946
0.12624289,0.14157258
0.007943343,0.16884375
0,0.16556464
0,0.2229296
0,0.3468946
0,0.47935146
0,0.5929381
0,0.5625705
0,0.39630157
0,0.2356386
0,0.13864875
0,0.09279797
0,0.07133491
0,0.037019767
0.024432084,0.005473984
0.17223854,0
0.3383946,0
0.48112118,0.036617387
0.5797135,0.079341
0.61679524,0.13354607
0.6115501,0.18014441
0.55530584,0.20016992
0.445722,0.19311304
0.29629573,0.16750632
0.12648506,0.12627454
0.008658276,0.2739319
0,0.283412
0,0.2638371
0,0.27409545
0,0.31818497
0,0.35461655
0,0.3679837
0,0.34983978
0,0.34190363
0,0.35905072
0,0.376667
0,0.28257793
0,0.34537637
0.02689472,0.34944677
0.17865364,0.28135252
0.34529868,0.21722522
0.48951107,0.29967198
0.59014773,0.39835286
0.6283172,0.46260142
0.62355983,0.5139821
0.5664277,0.53861
0.45683703,0.4976798
0.30440518,0.4253295
0.13178688,0.3654405
0.009689828,0.41192228
0,0.39501822
0,0.39575714
0,0.39939594
0,0.38916016
0,0.36540446
0,0.34412625
0,0.31700566
0,0.29533258
0,0.25690225
0,0.22850835
0,0.19749194
0,0.21024436
0.029013464,0.2220984
0.18184006,0.15291166
0.34708607,0.08653753
0.4901079,0.17090099
0.59018755,0.2934956
0.6281255,0.39236248
0.6231713,0.43423077
0.5640735,0.41106957
0.4533363,0.37248436
0.29736134,0.32120186
0.13011174,0.32891068
0.010214336,0.36483446
0,0.31173065
0,0.27390125
0,0.24044365
0,0.1820987
0,0.12146606
0,0.09014277
0,0.07382936
0,0.06106491
0,0.06599515
0,0.071473
0,0.03396729
0,0.04615381
0.030903343,0.055333257
0.18331525,0.063530855
0.34364095,0.049425505
0.4840101,0.096478485
0.5810935,0.17828654
0.6156593,0.21504346
0.6114025,0.2529016
0.55697984,0.26335934
0.44973066,0.24204649
0.30069092,0.17919837
0.13600332,0.24962896
0.011527391,0.296432
0,0.2563777
0,0.2520091
0,0.2909932
0,0.37799323
0,0.44118878
0,0.4730689
0,0.49671787
0,0.5084233
0,0.48624063
0,0.48089224
0,0.3979798
0,0.4341039
0.03402217,0.44013497
0.1911285,0.38402742
0.35136092,0.2768127
0.4894905,0.3646856
0.5861259,0.4894377
0.6225656,0.5579247
0.6170197,0.56259495
0.5610144,0.53830737
0.45380348,0.47995362
0.30333042,0.37635463
0.1378545,0.33793202
0.012457378,0.36394542
0,0.31222042
0,0.24343306
0,0.14396265
0,0.068179056
0,0.02520306
0,0
0,0
0,0.036085356
0,0.094785355
0,0.23314951
0,0.28009018
0,0.24209705
0.035084218,0.20049277
0.18894514,0.14285778
0.3456347,0.058179736
0.48207492,0.08949208
0.57664186,0.22220384
0.6128829,0.38671383
0.6080898,0.4845367
0.5527299,0.49691924
0.44736946,0.4650754
0.30274507,0.42289677
0.13849469,0.4480043
0.013273741,0.50531566
0,0.61496484
0,0.67209846
0,0.689426
0,0.70610774
0,0.712185
0,0.6960297
0,0.65233713
0,0.6265782
0,0.60477024
0,0.5996191
0,0.4072067
0,0.38706797
0.03780096,0.4265041
0.19293104,0.38968977
0.3521448,0.24957603
0.48978582,0.32988253
0.5881635,0.43035975
0.6157238,0.4670381
0.60640943,0.5379024
0.5545615,0.57231814
0.45498228,0.6288743
0.30556372,0.643409
0.1311181,0.5313525
0.013277362,0.45469844
0,0.41570947
0,0.3926794
0,0.29985216
0,0.09567198
0,0
0,0
0,0
0,0.017424583
0,0.14505768
0,0.29445186
0,0.45233768
0,0.53908855
0.036763065,0.58027124
0.1386913,0.57501394
0.23097576,0.4851728
0.35455844,0.5656847
0.5027072,0.57100046
0.6030249,0.62910837
0.6214821,0.65163875
0.56836545,0.74139446
0.45979494,0.7037406
0.3126438,0.63195163
0.1447765,0.44311738
0.015471323,0.50220406
0,0.6914784
0,0.7728779
0,0.8104802
0,0.8373135
0,0.84892696
0,0.8316164
0,0.82476467
0,0.77503806
0,0.75769305
0,0.77987605
0,0.6203604
0,0.7177721
0.04176025,0.73442054
0.19091646,0.70193255
0.34555158,0.5914727
0.4952575,0.6487009
0.5953376,0.6677732
0.6230101,0.71033096
0.6242121,0.8040121
0.56830806,0.86602813
0.4626831,0.9176502
0.31593394,0.88245565
0.1489348,0.7608676
0.016782226,0.7915198
0,0.84425706
0,0.8997043
0,0.90526366
0,0.8657741
0,0.79286677
0,0.7280768
0,0.676213
0,0.6690489
0,0.6727029
0,0.63619936
0,0.75744367
0,0.8964701
0.047297448,0.89791346
0.20550038,0.8796874
0.37869823,0.8595708
0.5190141,0.85089964
0.6158,0.8282009
0.6502448,0.7053005
0.6312244,0.5721373
0.57605255,0.5374015
0.47072366,0.4976043
0.32367522,0.47332686
0.14153047,0.31463122
0.015140343,0.4177259
0,0.46008652
0,0.47855332
0,0.41471207
0,0.41354355
0,0.4148916
0,0.43257442
0,0.377595
0,0.2847605
0,0.14246547
0,0.04153399
0,0
0,0
0.05026142,0
0.20441955,0.000971401
0.364849,0.17148684
0.45475972,0.6621354
0.6063501,0.87900525
0.661788,1
0.69416267,1
0.6349813,1
0.52527845,1
0.35790825,1
0.1598089,1
0.021147741,0.87271386
0,0.77145493
0,0.56756216
0,0.36985123
0,0.27134112
0,0.2835828
0,0.27737123
0,0.22519551
0,0.14191388
0,0.16430588
0,0.28157738
0,0.34164593
0,0.5044568
0.05841811,0.5720301
0.23724963,0.569321
0.41140687,0.63638186
0.5580999,0.69861996
0.65759027,0.7180381
0.6882474,0.72364885
0.6818722,0.7235757
0.6230942,0.72267586
0.5077787,0.6997857
0.3523886,0.65716743
0.17149171,0.5669979
0.022447515,0.65146077
0,0.70990473
0,0.7753303
0,0.81614375
0,0.85006815
0,0.8363787
0,0.8629762
0,0.8719986
0,0.8244998
0,0.73991364
0,0.68313193
0,0.62090445
0,0.59376985
0.05153694,0.5752243
0.221965,0.52137005
0.38832057,0.50533986
0.52592444,0.49365664
0.620639,0.5230078
0.6496,0.551896
0.64195085,0.57780695
0.5788305,0.5601843
0.46321243,0.4912634
0.2979275,0.36736074
0.15521179,0.16019319
0.02140087,0.14891772
0,0.13710527
0,0.09831419
0,0.09194681
0,0.09268272
0,0.101545565
0,0.13104165
0,0.20455484
0,0.54498786
0,1
0,1
0,1
1.79E-05,1
0.04714972,1
0.20776714,1
0.41714606,1
0.5700322,0.9741746
0.6660413,0.8442816
0.7118564,0.8261269
0.7016525,0.7702006
0.6353509,0.7204114
0.5242631,0.7407262
0.3650117,0.7481272
0.17985882,0.62594676
0.025202839,0.5544199
0,0.60130966
0,0.5380999
0,0.43267685
0,0.24125332
0,0.060819432
0,0
0,0.001114082
0,0.030413724
0,0.060272053
0,0.07533977
0,0.016755057
7.00E-05,0
0.06731346,0
0.2430342,0.014769066
0.41081798,0.051573083
0.5511736,0.075249456
0.6457549,0.092080116
0.68132806,0.17830333
0.67471737,0.25285557
0.61598265,0.28081074
0.5018898,0.25685447
0.3494639,0.2162912
0.17178552,0.035268985
0.02553278,0.002753603
0,0
0,0
0,0
0,0
0,0
0,0.07176835
0,0.16865793
0,0.24795265
0,0.26239944
0,0.27903244
0,0.28998798
0.000190467,0.3308379
0.070277475,0.30706868
0.2361737,0.290988
0.40099958,0.44452637
0.54020065,0.5212747
0.63927996,0.53219736
0.6363655,0.48057222
0.6559643,0.4235328
0.59259456,0.39175412
0.47613063,0.33414078
0.32903463,0.24529223
0.16068828,0.15987597
0.025270762,0.22245708
0,0.28006437
0,0.40327156
0,0.5615475
0,0.67193425
0,0.67925525
0,0.62690306
0,0.61079806
0,0.6013964
0,0.6297644
0,0.6224407
0,0.5423499
0.000392054,0.53136885
0.07556176,0.4238396
0.255144,0.39772674
0.42738467,0.42363486
0.5703562,0.4023021
0.6611626,0.28256255
0.691163,0.15901208
0.6821046,0.12790625
0.62464356,0.13965507
0.5149392,0.19245791
0.36379853,0.26429546
0.18533562,0.2703434
0.029883998,0.41427872
0,0.4651652
0,0.45964384
0,0.40898705
0,0.31589207
0,0.19710933
0,0.09163151
0,0.047277488
0,0.015180635
0,0
0,0
0,0
0.000659136,0
0.08085111,0
0.25909066,0
0.42414707,0
0.56301254,0.032638133
0.6597908,0.09889116
0.69350404,0.23443232
0.6556368,0.142869
0.5664661,0.077548265
0.43796015,0.08134945
0.3068717,0.07145591
0.16222772,0.062334392
0.030114066,0.057471015
0,0
0,0
0,0
0,0
0,0
0,0
0,0
0,0
0,0
0,0
0,0
0.000907268,0
0.08021499,0
0.25143525,0
0.41003394,0
0.5435329,0
0.6352179,0.004039181
0.66617644,0.04753828
0.65846187,0.06892603
0.6013324,0.08583236
0.49373803,0.08839643
0.3471396,0.07534945
0.17921528,0.0825037
0.03101459,0.046311975
0,0.006787312
0,0
0,0
0,0
0,0
0,0
0,0
0,0
0,0
0,0
0,0
0.00127889,0
0.08329892,0
0.2540417,0
0.41083673,0
0.54345846,0
0.63186383,0.000474954
0.6599737,0.032927632
0.6420602,0.02779808
0.59781855,0.062007952
0.49368265,0.08173535
0.34812322,0.09633181
0.1723171,0.098233245
0.0256487,0.09491122
0,0.03999488
0,0.0440285
0,0.091099545
0,0.43917564
0,0.6854625
0,0.73713475
0,0.71291155
0,0.7357046
0,0.72159934
0,0.6456172
0,0.48939013
0.001747382,0.37921134
0.0868,0.35333565
0.2589383,0.2509543
0.4181658,0.51783115
0.54496044,0.6700787
0.61500454,0.6902605
0.60939664,0.76733655
0.5803879,0.842318
0.51293105,0.99670213
0.42634135,1
0.28795898,1
0.18311743,1
0.03335929,0.81580865
0,0.62554204
0,0.5270452
0,0.70876545
0,0.6578228
0,0.3961085
0,0.11511546
0,0.04118792
0,0.025442386
0,0.013115979
0,0
0,8.12E-05
0.002316159,0
0.09425536,0
0.27476987,0
0.44067594,0
0.576183,0
0.666698,0.009757137
0.69808346,0.044184983
0.6896936,0.090679646
0.63152647,0.19397755
0.5190312,0.27174962
0.36870494,0.30078807
0.19142547,0.11986422
0.036248527,0.0456936
0,0.06705873
0,0.26269457
0,0.3423053
0,0.3424127
0,0.37579116
0,0.42731056
0,0.47047535
0,0.5121332
0,0.56262505
0,0.6112241
0,0.48054355
0.00301881,0.48506963
0.10169533,0.5571416
0.28984013,0.5385087
0.4545041,0.46776748
0.5791806,0.39570975
0.66442,0.28049272
0.6942486,0.155327
0.68268067,0.08236601
0.63469636,0.06521793
0.52414,0.07811594
0.3741927,0.18160474
0.19804433,0.3595632
0.03840545,0.55564815
0,0.6532553
0,0.6434089
0,0.5821907
0,0.52616924
0,0.48679942
0,0.47432578
0,0.45887753
0,0.4226095
0,0.3945127
0,0.35051623
0,0.263572
0.003482492,0.20903578
0.091375425,0.15164487
0.25570613,0.09073796
0.40649435,0.035578776
0.44746846,0
0.4021233,0
0.45779037,0
0.5044771,0
0.49842393,0
0.48305845,0
0.3364905,0.035586786
0.18809244,0.22268857
0.03800176,0.47778082
0,0.5099211
0,0.46212113
0,0.40319425
0,0.35816914
0,0.28294393
0,0.17923017
0,0.09260983
0,0.05233953
0,0.029713929
0,0.013461507
0,0
0.004458554,0
0.106532454,0.009733212
0.28743398,0
0.44754016,0
0.57853544,0
0.6697288,0
0.7014465,0.000859511
0.69344807,0.045924746
0.6346748,0.07460453
0.52421254,0.08870721
0.37308526,0.0894588
0.19719082,0.050036024
0.041092232,0.028238654
0,0
0,0
0,0
0,0
0,0
0,0.0483302
0,0.09130719
0,0.16912466
0,0.22137961
0,0.25708315
0,0.16486084
0.00475062,0.24049863
0.10294396,0.26064345
0.28434962,0.182729
0.4433819,0.30447206
0.5782715,0.38100863
0.66789865,0.41623566
0.69837576,0.49409842
0.68843544,0.5449063
0.62832713,0.5745354
0.5178151,0.58273923
0.3670091,0.5289678
0.19355698,0.3185054
0.041166786,0.26919657
0,0.2333712
0,0.15631714
0,0.06346245
0,0
0,0
0,0
0,0
0,0
0,0
0,0.018567586
0,0.006833649
0.005850017,0.023310125
0.10672378,0.038033616
0.27768022,0.019824063
0.43193358,0.052893758
0.5615582,0.07954578
0.6486861,0.11921896
0.6760036,0.1476234
0.6664805,0.17488587
0.6092292,0.20705864
0.50269985,0.22830601
0.3586328,0.22970366
0.19266206,0.22238554
0.042277105,0.30180675
0,0.2672113
0,0.14581403
0,0.08795955
0,0.08356378
0,0.09729715
0,0.1466626
0,0.1779678
0,0.18209484
0,0.17589676
0,0.13033606
0,0.05992701
0.006514666,0.047714412
0.09284695,0.057948567
0.2312806,0.06625101
0.3570962,0.05605383
0.49852362,0.0841011
0.61579305,0.10273163
0.6727589,0.12766409
0.6579615,0.13178936
0.5732289,0.13151819
0.4751697,0.1109187
0.32088792,0.0857415
0.15180796,0.082636185
0.04211796,0.14390822
0,0.21586572
0,0.25404254
0,0.20992507
0,0.16182274
0,0.09320752
0,0.065046646
0,0.022737313
0,0
0,0
0,0
0,0
0.007580153,0
0.11024786,0
0.27441773,0
0.41644883,0
0.54256886,0
0.62745166,0
0.6569167,0.029768383
0.64665574,0.050217368
0.591283,0.053521704
0.48961028,0.046191595
0.34993133,0.035863496
0.19183674,0
0.044519532,0.006823778
0,0
0,0
0,0
0,0
0,0
0,0.019164527
0,0.02312181
0,0
0,0
0,0
0,0
0.008706823,0
0.11459526,0
0.27952394,0.025084352
0.4271844,0.071454525
0.5546444,0.1963786
0.6385367,0.30427328
0.6637213,0.34764978
0.59627235,0.3385287
0.58112997,0.346311
0.46776155,0.33844432
0.3022389,0.2995513
0.14498873,0.09487572
0.03735864,0.1233495
0,0.20475727
0,0.30140734
0,0.43006092
0,0.5379281
0,0.5789272
0,0.56403995
0,0.56541187
0,0.6349614
0,0.73085856
0,0.7539435
0,0.6533904
0.008265379,0.6936667
0.08700363,0.6526134
0.23164779,0.53720677
0.36644962,0.5269427
0.43225965,0.47038555
0.43589723,0.4888792
0.4190766,0.57744753
0.45810536,0.6519303
0.4474754,0.6346998
0.32887048,0.61977506
0.21884052,0.587198
0.13042733,0.24523012
0.037705053,0.24668208
0,0.31753615
0,0.4291293
0,0.574282
0,0.5972408
0,0.60864246
0,0.64976984
0,0.67254794
0,0.625564
0,0.5818655
0,0.54573935
0,0.40802994
0.010436746,0.4371059
0.10395558,0.46736294
0.25835738,0.42838115
0.39999348,0.5066355
0.47504318,0.5343626
0.53840864,0.61581373
0.4883498,0.6973981
0.5819468,0.6860542
0.38328657,0.6331889
0.35550383,0.6343778
0.31863397,0.6010224
0.1757782,0.5609713
0.036958724,0.642782
0,0.72775847
0,0.7198821
0,0.7855429
0,1
0,1
0,1
0,1
0,1
0,0.90643185
0,0.8062632
0,0.32538792
0.002221881,0
0.016443465,0.06895681
0.031069022,0.81541103
0.041013796,0.83215314
0.05399673,0.73474187
0.13680193,0.7020962
0.13721831,0.7027403
0.1781595,0.66628927
0.18752712,0.76778775
0.21933703,0.8110854
0.1566956,0.7348369
0.07340832,0.658225
0.021515334,0.7873015
0,0.8776851
0,0.9148803
0,0.9662115
0,0.97989124
0,1
0,1
0,1
0,1
0,1
0,1
0,1
0.011529388,1
0.12214723,1
0.29306474,1
0.42754,1
0.49552834,1
0.49326894,1
0.50374603,1
0.46299204,1
0.3275581,1
0.25250965,1
0.1590257,1
0.09246108,1
0.027107354,1
3.57E-05,1
0,1
0,0.8706596
0,0.7717205
0,0.6607919
0,0.6159316
0,0.61795056
0,0.50091946
0,0.42727628
0,0.5389049
0,0.6078777
0.009451481,0.5872891
0.056600858,0.64802474
0.13670306,0.59468687
0.22145243,0.63797766
0.2070672,0.6682873
0.24465902,0.62538123
0.40226015,0.54637426
0.49783972,0.50733626
0.49713728,0.6153891
0.45887858,0.722308
0.3178042,0.7235978
0.17025056,0.62094223
0.044758473,0.61148006
8.70E-05,0.71567273
0,0.7301272
0,0.6019283
0,0.40241572
0,0.29222083
0,0.24878393
0,0.15335473
0,0.18166968
0,0.24404512
0,0.21718493
0,0.07453611
0.008473159,0.069076225
0.073090024,0.06003678
0.13968958,0.005531025
0.20137711,0
0.23916821,0
0.25440726,0
0.23999682,0
0.24954379,0.06167679
0.4280994,0.11772876
0.36398852,0.08519597
0.1922902,0.09169338
0.07738093,0.20106226
0.02020419,0.2896675
8.70E-05,0.33158788
0,0.23331606
0,0.1371973
0,0.23563325
0,0.34410205
0,0.43132374
0,0.47676426
0,0.46437997
0,0.43371144
0,0.41597754
0,0.36982593
0.018338503,0.39855155
0.14413655,0.33637103
0.32533067,0.48062277
0.48623425,0.48690742
0.6190134,0.42235175
0.7048598,0.36843175
0.73257434,0.30891368
0.71756643,0.28323692
0.6511503,0.30554983
0.5103361,0.33005807
0.36868605,0.3374206
0.21116944,0.2897172
0.058221467,0.25053298
0.000272585,0.26593155
0,0.23597988
0,0.18990918
0,0.12227742
0,0.07633231
0,0.045129944
0,0.017308319
0,0
0,0
0,0
0,0
0.020588726,0
0.15020491,0
0.33272946,0.046659444
0.49595416,0.19443668
0.6272795,0.23204045
0.7128079,0.2572384
0.74056077,0.30844173
0.7252545,0.3519339
0.6604053,0.38561505
0.5440183,0.4027473
0.39257154,0.40539718
0.22009149,0.3771561
0.06109929,0.3175305
0.000407902,0.37273633
0,0.45808193
0,0.47231236
0,0.4913211
0,0.5066857
0,0.4905876
0,0.42693588
0,0.38939992
0,0.40066648
0,0.37722757
0,0.32822028
0.0221804,0.41256046
0.15317717,0.45524654
0.3335574,0.48652697
0.49047008,0.63720363
0.61920226,0.8103091
0.70616734,0.8915197
0.72999215,0.9358374
0.711668,0.9613782
0.64675474,0.92923903
0.52714133,0.89801466
0.3711487,0.8817463
0.18838952,0.568218
0.056308717,0.34730628
0.000516357,0.27075318
0,0.2325083
0,0.24248403
0,0.27014804
0,0.3313658
0,0.39026183
0,0.43386698
0,0.47843736
0,0.4886829
0,0.4505939
0,0.39025533
0.02285737,0.42972973
0.14783603,0.4686042
0.32176536,0.4746821
0.47739166,0.65505034
0.60530704,0.73191124
0.6897556,0.8655752
0.72091883,1
0.7141819,1
0.6534816,1
0.539991,1
0.3887854,1
0.21684816,1
0.062112857,0.95920664
0.000681051,0.91358477
0,0.8688688
0,0.8260078
0,0.8129624
0,0.82812834
0,0.80885965
0,0.79927605
0,0.7997348
0,0.75402516
0,0.7068589
0,0.67180246
0.015493033,0.5659397
0.091443844,0.5808933
0.22133012,0.57639265
0.29527396,0.97716534
0.40143782,1
0.5595,1
0.6261867,1
0.7184743,1
0.67691064,1
0.55060524,1
0.40193704,1
0.22431856,1
0.06591653,0.894335
0.000900723,0.6682789
0,0.5342189
0,0.42583296
0,0.3813921
0,0.39734128
0,0.39999548
0,0.2842019
0,0.15140541
0,0.08091872
0,0.061974693
0,0.07166302
0.027834488,0.051514074
0.16409293,0.018677495
0.34541577,0.09592154
0.5023896,0.16044651
0.6304958,0.19875224
0.7125607,0.20888911
0.7349778,0.21050161
0.7187244,0.21837376
0.65588343,0.23284794
0.54335284,0.25511163
0.3962924,0.25732458
0.22642286,0.1288044
0.0686971,0.11492516
0.001115959,0.26385963
0,0.3809719
0,0.34386852
0,0.27575892
0,0.25516948
0,0.29719746
0,0.4035788
0,0.5116306
0,0.5612444
0,0.5128951
0,0.43696734
0.028102934,0.32395992
0.13533302,0.42875874
0.20960489,0.5615851
0.34918633,0.6393203
0.548716,0.59353477
0.6704782,0.59251595
0.6780095,0.58125764
0.6728147,0.56400484
0.6102094,0.49259776
0.5042834,0.50081897
0.34438968,0.49472743
0.19628133,0.17067151
0.057512235,0.14023785
0.001247598,0.07353671
0,0.07065537
0,0.2100721
0,0.2806678
0,0.3681147
0,0.46801007
0,0.65529513
0,0.76276517
0,0.7638963
0,0.8953278
0,0.78489834
0.024230337,0.838493
0.13877922,0.8162214
0.32634333,0.769649
0.47426057,0.7279708
0.59559214,0.662152
0.6765602,0.71078044
0.7045994,0.7608888
0.6926617,0.8100129
0.63380295,0.9056496
0.5247364,0.9869956
0.38738835,1
0.22251989,0.96412796
0.06869874,0.7822788
0.001512704,0.6191923
0,0.5130436
0,0.5714423
0,0.5916486
0,0.6473309
0,0.6124473
0,0.47060233
0,0.30521613
0,0.18715517
0,0.14650509
0,0.11752466
0.03154089,0.06068688
0.16308098,0.018087566
0.34334546,0.058565382
0.4943776,0.088398956
0.61809266,0.13886254
0.6994643,0.23902862
0.72434264,0.36082003
0.7113635,0.45663604
0.6532837,0.58361864
0.5381537,0.7550166
0.35232896,0.79346204
0.20331918,0.6774077
0.060479265,0.37094772
0.001618387,0.14827503
0,0.13932675
0,0.07435086
0,0.027706409
0,0.038948633
0,0.05843642
0,0.096139975
0,0.28145966
0,0.38557348
0,0.462888
0,0.32438368
0.031385787,0.22772466
0.13866717,0.09257314
0.29199877,0.030524112
0.45972437,0.040659763
0.5926703,0.09825523
0.663665,0.3050153
0.6814501,0.44381055
0.6823219,0.60368204
0.615978,0.7336168
0.5241348,0.6590601
0.38731495,0.6418504
0.22507404,0.5454362
0.07117501,0.41178936
0.002053415,0.27281454
0,0.101524904
0,0.049989976
0,0.021822965
0,0
0,0
0,0.050199483
0,0.13585895
0,0.29840246
0,0.38533282
0,0.39259398
0.034018904,0.35459238
0.16096602,0.34431913
0.32643935,0.32567927
0.46681646,0.4669795
0.58661246,0.6153696
0.6664043,0.74303025
0.68170506,0.8015429
0.6680781,0.8290538
0.6072499,0.82785535
0.49974322,0.8269906
0.36163777,0.8013682
0.20501955,0.5686449
0.06669414,0.3884233
0.002230732,0.20804365
0,0.10566096
0,0.17614654
0,0.356759
0,0.4722254
0,0.44089118
0,0.27783242
0,0.14137623
0,0.08602748
0,0.07661128
0,0
0.03315903,0
0.1494179,0
0.30802086,0
0.4244437,0
0.5023724,0.04140996
0.43051818,0.3988494
0.5721438,0.6175127
0.575214,0.76267064
0.4902802,0.76602024
0.4940591,0.788759
0.37859735,0.81876945
0.22266519,0.7884799
0.0737251,0.7450192
0.002669784,0.71921384
0,0.5936229
0,0.4304343
0,0.32193282
0,0.25351468
0,0.2906445
0,0.36913124
0,0.40881088
0,0.41250038
0,0.25233388
0,0.20072784
0.041386735,0.41515675
0.1773105,0.37402532
0.33757335,0.22220315
0.4629352,0.20469223
0.5859083,0.2415923
0.6659226,0.3840218
0.6862987,0.5246125
0.670495,0.55561584
0.6114911,0.532081
0.50765294,0.52933615
0.37214392,0.52458245
0.21701044,0.35683727
0.072311185,0.31797278
0.002866025,0.3526177
0,0.3672965
0,0.48420167
0,0.7047645
0,0.8894098
0,1
0,1
0,1
0,1
0,1
0,0.5740093
0.038372036,0.49931514
0.16136475,0.6043309
0.31932038,0.6011997
0.45162565,0.44351053
0.54985493,0.13416252
0.61192954,0.02206769
0.62585634,0.009517813
0.519808,0.47022557
0.31225556,1
0.32395172,1
0.28779042,1
0.16849668,1
0.058876444,1
0.002607888,1
0,1
0,1
0,1
0,1
0,0.94423884
0,0.86996543
0,0.8330306
0,0.79479533
0,0.7378963
1.71E-05,0.5699537
0.04553688,0.5228816
0.18764818,0.4453873
0.3590508,0.4352499
0.4983135,0.37186384
0.5949058,0.30684164
0.6372907,0.20977363
0.6725676,0.14884067
0.62411857,0.10967864
0.4986741,0.08983328
0.27903965,0.08789673
0.10842806,0.12749746
0.059210338,0.05335054
0.02055609,0.07301495
0.001399544,0.08308055
0,0.031896304
0,0.07296126
0,0.25743848
0,0.31158012
0,0.26019058
0,0.14722435
0,0.09575074
0,0.08848209
0,0.06798548
8.49E-05,0.10689214
0.04638669,0.06938028
0.17964293,0.016647805
0.3520842,0.005382872
0.5006779,0.012919557
0.61934537,0.017511118
0.6956055,0.023874449
0.71489674,0.017343497
0.6982307,0.008509839
0.6260295,0.008686448
0.53321064,0.017692113
0.3944503,0.005888486
0.20418452,0.04614681
0.040451314,0.08029213
0.002387362,0.20861694
0,0.30456892
0,0.29431885
0,0.14058314
0,0.07804852
0,0.069196224
0,0.029157864
0,0
0,0
0,0
0.000166405,0
0.048238855,1.48E-06
0.18585764,0.026860714
0.35369506,0.039728425
0.49595597,0.059627507
0.61155164,0.06635442
0.68299353,0.047375582
0.6998679,0.029201388
0.68081236,0.002821171
0.6016645,0
0.5129729,0
0.37070724,0
0.20834816,0
0.07137004,0
0.003134469,0
0,0.000827944
0,0
0,0.039044928
0,0.03710252
0,0.045044195
0,0.06696172
0,0.052617546
0,0.001173127
0,0
0.000194146,0
0.033001296,0
0.1313044,0
0.23464105,0
0.38738552,0
0.5221185,0
0.584849,0
0.581214,0
0.41610453,0
0.38691103,0.002769375
0.30236325,0.0676857
0.2325706,0.27367452
0.1684488,0.55377996
0.069532,0.5910225
0.004789105,0.62320286
0,0.656939
0,0.7342485
0,0.7650457
0,0.7144169
0,0.6279589
0,0.53847945
0,0.4377
0,0.3431286
0,0.29018787
0.000455586,0.30371955
0.050721012,0.3675234
0.17785749,0.33067983
0.32848662,0.3263585
0.46480763,0.3526363
0.5573081,0.45624277
0.56174153,0.40956804
0.4844517,0.39246297
0.36915603,0.4540741
0.24884133,0.3784112
0.3343834,0.31794778
0.20351826,0.37884784
0.111330226,0.29279664
0.04954983,0.27016518
0.004665558,0.31604627
0,0.3898547
0,0.38676926
0,0.4127217
0,0.37928495
0,0.37525973
0,0.3584864
0,0.34964564
0,0.5264672
0,0.6500093
0.000601023,0.5375508
0.05636101,0.46769258
0.20907018,0.3709927
0.38204658,0.317546
0.53150207,0.29129323
0.6581984,0.2338229
0.73378056,0.15136746
0.7513833,0.082121775
0.7299778,0.028941296
0.66112673,0
0.54686487,0
0.40575594,0
0.2486006,0
0.092780486,0
0.006250253,0.07132721
0,0.23630919
0,0.3382682
0,0.38516894
0,0.45836353
0,0.60707015
0,0.7809943
0,0.84727
0,0.8664557
0,0.94000477
0.000881847,0.9601206
0.057900604,0.85756356
0.1820097,0.6858779
0.2882657,0.6529063
0.38625535,0.62796956
0.47971374,0.64117795
0.5698987,0.68421197
0.63341963,0.76172626
0.55831665,0.8887658
0.59697694,1
0.46583602,0.9484305
0.34671125,0.9233539
0.21769978,0.73341614
0.07605706,0.5289816
0.006013225,0.5536224
0,0.6505509
0,0.708786
0,0.69476116
0,0.68754256
0,0.7160798
0,0.67304724
0,0.508363
0,0.4291534
0,0.39659098
0.000762538,0.26462972
0.034767445,0.24838975
0.10793006,0.12940173
0.24621238,0.085767984
0.3922458,0.00971731
0.48866677,0
0.5903376,0.04766797
0.59606355,0.3340479
0.548631,0.56951594
0.40775704,0.63056517
0.35723317,0.6911824
0.30515045,0.78472656
0.18105565,0.80042475
0.06434347,0.6419202
0.006071763,0.6245961
0,0.55987644
0,0.6497361
0,0.7273491
0,0.7239864
0,0.7921675
0,0.65872574
0,0.567128
0,0.34524107
0,0.1089769
0.001141773,0.07440193
0.03380369,0.13574314
0.086080246,0.09783218
0.22262365,0.15929213
0.36147568,0.2644641
0.46636435,0.71723115
0.45561334,0.93984026
0.5721153,1
0.59443295,1
0.4921223,1
0.46066403,1
0.29673803,1
0.19667517,0.9447987
0.084297545,0.72591966
0.008147848,0.5458601
0,0.25996026
0,0.08479428
0,0.19967425
0,0.4582872
0,0.64366543
0,0.7564284
0,0.796151
0,0.8083209
0,0.7968737
0.00180408,0.6427676
0.06957824,0.65259635
0.21938133,0.5339706
0.38678643,0.56146795
0.5339365,0.62906927
0.65141815,0.6301771
0.7239465,0.59949684
0.74167365,0.6194998
0.7133327,0.72698766
0.55922014,0.87576014
0.4219005,0.98135936
0.20228283,0.8921021
0.110227466,0.58367467
0.053895112,0.30925232
0.006793808,0.09732085
0,0.10379452
0,0.092401765
0,0.053874232
0,0
0,0
0,0
0,0
0,0.08007114
0,0.20868096
0.002110827,0.2724232
0.067180954,0.27657554
0.21101582,0.20763089
0.3743878,0.09516289
0.50720245,0.19609524
0.6187777,0.25393507
0.69275904,0.35809118
0.64185053,0.39830253
0.62212324,0.3684642
0.4722256,0.34895203
0.37269303,0.32136407
0.38211715,0.3181554
0.2447167,0.5311609
0.098525785,0.53498787
0.008747621,0.42867714
0,0.33066207
0,0.2637612
0,0.2704455
0,0.41821617
0,0.64706796
0,0.70272857
0,0.7218294
0,0.8530107
0,0.998
0.002490241,0.9364717
0.07055784,0.97338694
0.20006931,1
0.32602602,1
0.44259894,1
0.46476063,1
0.5388093,1
0.52468693,1
0.50138766,1
0.44475484,1
0.30960768,1
0.16481835,1
0.08388389,0.79650915
0.028171575,0.54223144
0.005019234,0.31853136
0,0.42336988
0,0.6352584
0,0.7238559
0,0.6751373
0,0.63877183
0,0.61657
0,0.56215817
0,0.52537173
0,0.4683245
0.002812397,0.32016772
0.0709288,0.26415923
0.21386768,0.2518077
0.37536284,0.24562407
0.5043325,0.32352763
0.6130607,0.4047833
0.68409127,0.49642593
0.70184845,0.5327412
0.6792351,0.6232606
0.5843095,0.67303693
0.48081365,0.5938457
0.38995695,0.5296324
0.2314234,0.39543524
0.09209747,0.4803462
0.009260695,0.68941206
0,0.8351827
0,0.9646103
0,0.97420615
0,0.9525713
0,0.9752407
0,0.994403
0,1
0,1
0,1
0.002930671,0.87733704
0.06092374,0.7107036
0.18832146,0.6491577
0.2905418,0.7701503
0.42574275,0.8021095
0.5365328,0.8386908
0.66409105,0.8540997
0.6896285,0.7990384
0.67753476,0.767307
0.6168295,0.7124948
0.51613176,0.6257026
0.37257493,0.5717899
0.21374173,0.33403367
0.069663934,0.27929673
0.00553984,0.40491086
0,0.67254436
0,0.8864038
0,0.944571
0,0.89543927
0,0.81975
0,0.72193503
0,0.5703459
0,0.4509372
0,0.40335605
0.001299421,0.36243168
0.026953816,0.42241734
0.0843699,0.3117577
0.11855982,0.16911958
0.1541121,0.0781008
0.1811351,0.05213716
0.14775354,0
0.10604668,0
0.11574493,0.000301492
0.098000996,0.31128868
0.070571,0.7779299
0.041218407,0.8424484
0.047543753,0.7826872
0.028047606,0.86046
0.001791138,0.8964097
0,0.85055155
0,0.8728624
0,0.98564386
0,0.9644049
0,0.87643164
0,0.864501
0,0.9386063
0,0.8783678
0,0.94611424
0.002328659,0.9533336
0.034506965,1
0.09306647,1
0.165437,1
0.3069273,0.9792534
0.42865217,0.9971827
0.50830406,0.954342
0.52114874,0.8909371
0.48442954,0.87006193
0.44142756,0.87488616
0.34648472,0.90805876
0.24467827,0.9398582
0.13653602,0.8940104
0.061206743,0.8178838
0.006489096,0.850343
0,0.91031426
0,0.9444136
0,0.912395
0,0.7881479
0,0.68848425
0,0.6421802
0,0.6372622
0,0.63144255
0,0.69230664
0.003042665,0.626841
0.055152193,0.7442487
0.14409627,0.6480696
0.26083833,0.6740392
0.31511146,0.7477701
0.37829056,0.79835093
0.49661726,0.7850751
0.55798674,0.7455757
0.550186,0.6526961
0.5119123,0.5673992
0.4573486,0.5046636
0.37363032,0.483417
0.23797695,0.41985175
0.10413806,0.4529494
0.012850162,0.57149434
0,0.6311974
0,0.6425588
0,0.65522826
0,0.6444066
0,0.55233884
0,0.4356085
0,0.44754365
0,0.59715205
0,0.57197005
0.005313272,0.41540143
0.086223245,0.3900782
0.23759122,0.3365539
0.4030777,0.30602717
0.53549135,0.19274993
0.6337361,0.026686909
0.69008076,0
0.6914229,0
0.6526033,0
0.59643066,0
0.48146912,0
0.35981712,0
0.21074118,0
0.09004559,0
0.012217529,0
0,0
0,0
0,0
0,0
0,0
0,0
0,0
0,0.010792827
0,0.03299279
0.005678994,0.016203607
0.08506916,0.025029743
0.23011532,0.020209754
0.38995686,0.032367863
0.520496,0.062799886
0.6271132,0.09633963
0.6895052,0.08869235
0.66851586,0.06618924
0.60046965,0.07242193
0.34759182,0.1031707
0.35222727,0.09962325
0.34358656,0.09311974
0.1955446,0.053562805
0.06795266,0.08400793
0.010053953,0.09029941
0,0.059539434
0,0.009921157
0,0
0,0
0,0
0,0
0,0
0,0
0,0
0.004656156,0
0.06689841,0
0.17396589,0
0.3235468,0
0.232399,0.017781101
0.27152324,0.05035014
0.34606457,0.039787266
0.2991951,0.044340346
0.18260917,0.05467398
0.25310814,0.042730913
0.21548162,0.005050648
0.17536597,0
0.11006667,0
0.044155613,0.012092065
0.006166361,0.047727536
0,0.003918779
0,0.003442705
0,0.07749779
0,0.070428304
0,0.043201126
0,0.024466418
0,0.007420492
0,0
0,0
0.004873644,0
0.052879192,0
0.15629421,0
0.2758623,0
0.3780962,0
0.49695063,0
0.5615108,0
0.5456902,0.05059881
0.44182602,0.07301116
0.37606415,0.05595858
0.31958666,0.02293788
0.25726697,0.03160224
0.17910315,0.05219674
0.06367564,0.059619904
0.012366775,0.038050294
0,0.059422493
0,0.130805
0,0.21130088
0,0.18260989
0,0.0934272
0,0.07365487
0,0.07311649
0,0.092806146
0,0.19165362
0.006638947,0.2657488
0.07012341,0.15897225
0.2256668,0.063810855
0.39235434,0.26675493
0.54387134,0.6216853
0.6592301,0.78745043
0.7199722,1
0.6178002,1
0.5642625,1
0.4515118,1
0.37078258,1
0.3224731,1
0.18104482,0.875651
0.08167552,0.70212626
0.015441297,0.47849864
0,0.1787751
0,0.09239044
0,0.16211818
0,0.18470451
0,0.13640644
0,0.1336634
0,0.20761794
0,0.3291542
0,0.4461299
0.007509545,0.43115917
0.087140605,0.49981835
0.23389478,0.56644857
0.41330636,0.65481657
0.55966127,0.7099315
0.6742753,0.7781003
0.7441436,0.7313997
0.7593218,0.67172664
0.7431637,0.58974165
0.66189265,0.5142774
0.568246,0.45227572
0.4390579,0.41069892
0.28584692,0.35888317
0.12524295,0.21363062
0.018354272,0.08789744
0,0.002277351
0,0
0,0
0,0
0,0.030835474
0,0.061647322
0,0.0746562
0,0.17613016
0,0.28107247
0.008268762,0.0829854
0.08972416,0.07692306
0.22616446,0.124956556
0.38184983,0.23359331
0.48270196,0.38135177
0.64727217,0.5015552
0.71812606,0.53587925
0.72710794,0.48053202
0.6866367,0.41582206
0.56046325,0.37489948
0.46960294,0.43572938
0.3938796,0.48742622
0.24873327,0.48449087
0.09942164,0.24402162
0.015102673,0.15005413
0,0.06747289
0,0
0,0
0,0
0,0.001215255
0,0.059022117
0,0.08053889
0,0.11645282
0,0.16672103
0.008973114,0.09058306
0.09533295,0.10427406
0.24075583,0.13538843
0.39671004,0.117345035
0.52080077,0.27508736
0.62994933,0.49326983
0.7007641,0.6090513
0.72062516,0.6177459
0.70532,0.61598504
0.6498651,0.5865115
0.55241835,0.5273144
0.42494267,0.44330624
0.27890125,0.42904517
0.12392394,0.25993708
0.01952833,0.23679216
0,0.29635966
0,0.35030618
0,0.40332323
0,0.45729277
0,0.51124763
0,0.51055574
0,0.48779932
0,0.41383067
0,0.38164452
0.00975258,0.18554892
0.098076396,0.18811242
0.2444221,0.16771668
0.40035808,0.15702854
0.52348584,0.3170234
0.629048,0.47678858
0.7002033,0.64650434
0.71793646,0.7578602
0.700986,0.703074
0.64214116,0.6532742
0.53211194,0.6141464
0.3947698,0.553361
0.26224002,0.2809769
0.118351504,0.16931343
0.01991544,0.22782241
0,0.31158507
0,0.38316873
0,0.4776782
0,0.5519572
0,0.47800067
0,0.3550042
0,0.23801531
0,0.11665415
0,0.07344549
0.009884809,0.08116412
0.09357606,0.23521546
0.21680388,0.272902
0.3221472,0.17671448
0.35657623,0.08889294
0.4421389,0.07379644
0.4884611,0.05049076
0.42387787,0.014882516
0.3851228,0
0.3712849,0
0.32097918,0
0.237086,0
0.18742612,0.028460763
0.08158771,0.04312756
0.015880201,0.051914815
0,0.15612462
0,0.4013741
0,0.5869904
0,0.6469882
0,0.6828974
0,0.7347665
0,0.7741757
0,0.7486073
0,0.60965735
0.010786346,0.40127718
0.10276971,0.24091221
0.24900189,0.08461924
0.41421586,0.13099205
0.54851216,0.20927338
0.653724,0.1883115
0.72013247,0.1412617
0.7356052,0.11578169
0.72101414,0.1317134
0.664389,0.14852701
0.56735283,0.107789315
0.43878466,0.08235106
0.2906393,0.078144595
0.1343202,0.06894273
0.023183193,0.04877547
0,0.072405264
0,0.14484838
0,0.13419195
0,0.09093511
0,0.06235657
0,0.06695721
0,0.16755028
0,0.36126402
0,0.48885626
0.011441708,0.5517409
0.10356914,0.59356177
0.25253308,0.5751269
0.41799393,0.7264067
0.54581213,0.84853005
0.64899004,0.8290907
0.7006526,0.6743159
0.6593249,0.38519433
0.6110569,0.5713387
0.5899246,0.7916406
0.4386051,0.9074929
0.15421306,0.47055
0.08875412,0
0.06924907,0.45744297
0.019529384,0.6098459
0,0.56055945
0,0.7715561
0,0.79961354
0,0.72515786
0,0.64728475
0,0.5030662
0,0.3505229
0,0.2671588
0,0.17141983
0.012521481,0.09349008
0.10926134,0.2401081
0.26776537,0.62773526
0.43378773,0.7500127
0.5680374,0.7244079
0.6378,0.59367937
0.74414974,0.47408146
0.75621444,0.3435444
0.7430601,0.27958488
0.6908745,0.3224673
0.59674054,0.40895846
0.46522623,0.4564917
0.312189,0.57091165
0.14701666,0.5929923
0.025954714,0.47208175
0,0.3522515
0,0.29543912
0,0.1719195
0,0.04564781
0,0.015217697
0,0.06121941
0,0.15429668
0,0.24508989
0,0.31039125
0.012704982,0.22445215
0.09294393,0.18517886
0.22563435,0.33366087
0.37484413,0.391992
0.50082326,0.48943526
0.62398666,0.49805498
0.7000252,0.5129568
0.64397043,0.59935987
0.6109108,0.6074349
0.57959425,0.65543234
0.49980563,0.6234436
0.37767744,0.60520226
0.19663922,0.56218153
0.08197697,0.61342
0.020465413,0.5595082
0,0.47127852
0,0.37659466
0,0.28940836
0,0.30575153
0,0.36709896
0,0.33603424
0,0.2451986
0,0.11927537
0,0.08639316
0.010854512,0.056716394
0.08663402,0.07977197
0.18636437,0.124750316
0.37954003,0.4663022
0.5233673,0.46412355
0.6202181,0.47980255
0.65502137,0.5353302
0.7018321,0.5946981
0.7125876,0.6569455
0.69312096,0.6838066
0.61448675,0.66578937
0.475549,0.6355433
0.31480628,0.56800556
0.14866184,0.48615223
0.02758332,0.35386744
0,0.27077314
0,0.19002646
0,0.07559681
0,0.030978788
0,0.03315463
0,0.05572033
0,0.07394214
0,0.068351865
0,0.065980814
0.014457767,0.02852025
0.113497496,0
0.2652709,0
0.42329347,0
0.5476782,0
0.64770305,0
0.7102552,0
0.72485244,0
0.7103846,0
0.6540906,0
0.55606467,0
0.43438864,0
0.29258266,0
0.14131789,0
0.027647074,0
0,0.03262025
0,0.095356725
0,0.17221248
0,0.11231205
0,0.06544457
0,0.05834522
0,0.11316814
0,0.2980586
0,0.49693295
0.014680625,0.53318304
0.11274762,0.49226856
0.24147218,0.424682
0.34893155,0.4963151
0.4724043,0.6027058
0.589712,0.5870098
0.6922022,0.48096803
0.7100096,0.45282578
0.63262135,0.51072043
0.43826443,0.5300746
0.36436802,0.55611545
0.2701604,0.61489743
0.17892684,0.48410067
0.08947023,0.52671266
0.017284282,0.59052825
0,0.6844269
0,0.773032
0,0.84439445
0,0.9075385
0,0.9103225
0,0.8825696
0,0.8604414
0,0.8672424
0,0.8170169
0.009852263,0.5187725
0.08418276,0.41304472
0.20166692,0.41146788
0.32549036,0.632826
0.4497866,0.9544046
0.6280822,1
0.69043845,1
0.7419986,1
0.74368966,1
0.6938428,1
0.57721037,1
0.471821,1
0.29692027,1
0.14203197,0.91221917
0.029042311,0.70966345
0,0.44921523
0,0.3506147
0,0.43691552
0,0.45622304
0,0.4148229
0,0.33808824
0,0.3285194
0,0.2649423
0,0.14392085
0.01577364,0.09626122
0.11505878,0.044784676
0.26540288,0.05574811
0.42562693,0.20976612
0.55257916,0.33989215
0.6576373,0.3274871
0.6441402,0.28873417
0.5585838,0.2993021
0.56573135,0.3385298
0.5187936,0.31669182
0.43221,0.27204725
0.37555856,0.23110013
0.24783048,0.24339628
0.12349577,0.19392146
0.02969583,0.0971083
0,0.062428407
0,0.05682876
0,0.16521005
0,0.29140538
0,0.3540589
0,0.35585797
0,0.3204344
0,0.2723097
0,0.2540119
0.016346173,0.13174815
0.116313405,0.09330578
0.26571238,0.05962262
0.4236888,0.14211375
0.5481239,0.25998122
0.6501954,0.31770548
0.7126771,0.27212486
0.72752655,0.21904522
0.7138989,0.23504
0.65879756,0.25581786
0.5661291,0.2709317
0.4329405,0.26923248
0.28488055,0.31649938
0.12941065,0.2424422
0.025432607,0.18968289
0,0.2488045
0,0.32855454
0,0.38358524
0,0.5158763
0,0.59493995
0,0.5527928
0,0.5709794
0,0.6544319
0,0.63935035
0.01563487,0.4713719
0.098367415,0.37474984
0.23096552,0.40218747
0.4030863,0.41700467
0.53119624,0.35651433
0.63518333,0.2841815
0.68670833,0.1028898
0.68734413,0.023919284
0.6413564,0
0.37174913,0
0.35170656,0
0.26544017,0
0.1917839,0.04998672
0.11700775,0.16301413
0.028168725,0.35838124
0,0.44987226
0,0.47656822
0,0.4793858
0,0.39445668
0,0.29103833
0,0.26621273
0,0.20952627
0,0.12527536
0,0.063781284
0.012118763,0
0.06214283,0.011880195
0.14703618,0.006607962
0.34877384,0
0.48095506,0
0.6039467,0.04307369
0.67469686,0.079156496
0.6807462,0.11467012
0.57260644,0.17243743
0.47268057,0.25095078
0.46066192,0.32399896
0.30170655,0.46965605
0.13935421,0.7352355
0.06620932,0.7485393
0.020747773,0.76522595
0,0.77729815
0,0.7336514
0,0.74569833
0,0.8064769
0,0.85137695
0,0.8673129
0,0.8360281
0,0.7907059
0,0.74834085
0.016445247,0.71158975
0.105445355,0.64905906
0.23393588,0.46023068
0.38259974,0.58482116
0.48996025,0.5084422
0.5351637,0.372637
0.5661829,0.27409235
0.4523914,0.23095672
0.35520887,0.21750845
0.21128646,0.3126736
0.1849771,0.4164027
0.1709755,0.45607665
0.07588057,0.29245654
0.02359209,0.2971938
0.00500187,0.30607003
0,0.07781889
0,0.083666995
0,0.22321963
0,0.3549642
0,0.41908985
0,0.40503275
0,0.40679443
0,0.4710253
0,0.5351894
0.002470817,0.8128854
0.024062112,0.5252039
0.049733218,0.33311245
0.0890266,0.38173866
0.17684148,0.40152645
0.3814799,0.5692971
0.5564485,0.6670365
0.6294098,0.66701543
0.6758782,0.7152725
0.5538877,0.78297263
0.4882738,0.74663645
0.36594534,0.6104601
0.29378736,0.47308135
0.14348257,0.28009835
0.034512967,0.2273348
0,0.19953257
0,0.14179856
0,0.17044811
0,0.34660995
0,0.47625902
0,0.5514998
0,0.53554314
0,0.44049376
0,0.46264127
0.00872592,0.4370872
0.049389366,0.49008256
0.11563025,0.68457824
0.22045681,0.9176267
0.3325838,0.93135303
0.52102315,0.87992597
0.6988179,0.8495678
0.7871384,0.8999827
0.76604664,0.942629
0.7077737,0.9390657
0.60699844,0.94104785
0.47768083,0.9390504
0.3253461,0.8190874
0.16326898,0.66994005
0.037896406,0.54792243
0,0.5010755
0,0.5950918
0,0.7206731
0,0.7963323
0,0.865978
0,0.85270184
0,0.6775895
0,0.40266412
0,0.1591873
0.017918963,0.47135487
0.102636985,0.33565766
0.27732962,0.5338958
0.44486868,0.6145752
0.57685274,0.63237566
0.6824338,0.67154324
0.7498632,0.7334176
0.7718688,0.78738713
0.75870746,0.846312
0.6925976,0.8813775
0.6038289,0.8564334
0.46575975,0.79981524
0.32525298,0.7698159
0.13321365,0.6304205
0.037185695,0.4853499
1.61E-05,0.48919776
0,0.39658234
0,0.19860396
0,0.049952317
0,0.013339771
0,0.0216946
0,0.024676489
0,0.000118029
0,0
0.019581294,0
0.12337489,0
0.2720725,0
0.4240087,0
0.5322438,0
0.6202519,0
0.68073696,0.008399224
0.6824903,0.08094671
0.5996689,0.16230707
0.49450654,0.22115093
0.43693304,0.25374478
0.3658195,0.2933842
0.25109887,0.20759262
0.13368258,0.17721856
0.038374122,0.08895251
3.17E-05,0.036652192
0,0
0,0
0,0
0,0
0,0.016847705
0,0.013468683
0,0
0,0
0.019676104,0
0.12151824,0
0.26688415,0
0.4131358,0
0.5332581,0
0.6326446,0
0.701649,0.08072124
0.65672874,0.23655532
0.5791779,0.22863266
0.566964,0.28086588
0.48991978,0.3792392
0.29974702,0.42054766
0.26265433,0.541864
0.15220803,0.5505965
0.03697294,0.53594285
4.79E-05,0.547595
0,0.5895938
0,0.5842357
0,0.5343342
0,0.5208928
0,0.46353945
0,0.3802053
0,0.29280147
0,0.15734765
0.0201591,0.04991133
0.11852302,0
0.26696494,0
0.43344793,0.054998375
0.55742836,0.06171074
0.6515593,0.03630122
0.715376,0.04297813
0.730316,0.05986073
0.71862084,0.06414449
0.6539112,0.07329762
0.55954987,0.0845772
0.440897,0.099196576
0.30128005,0.13472575
0.15556064,0.19643311
0.039328303,0.18043339
7.88E-05,0.04691336
0,0
0,0
0,0.053373076
0,0.12928182
0,0.22569853
0,0.24605733
0,0.19001836
0,0.11613506
0.020609312,0.086625576
0.12446963,0.06735182
0.271936,0.025415039
0.42517713,0.14186127
0.5482183,0.2990021
0.6510179,0.4377075
0.712217,0.50011826
0.72749764,0.55135095
0.70220834,0.58765304
0.6008749,0.6190297
0.5253286,0.6632878
0.37710413,0.65966105
0.28618035,0.59991616
0.14286354,0.49068195
0.038092583,0.42671454
0.000109642,0.378772
0,0.30282313
0,0.18514109
0,0.08779352
0,0.035650585
0,0
0,0
0,0
0,0
0.020454846,0
0.12286293,0
0.26702464,0
0.41686347,0
0.53706986,0.039528966
0.6396847,0.17234676
0.70465344,0.30516642
0.7112909,0.33563063
0.67322946,0.34072044
0.61410636,0.3603615
0.54392624,0.3817474
0.42433006,0.3944942
0.28535593,0.40827397
0.15579921,0.30030018
0.038249362,0.28086537
0.000155245,0.35349363
0,0.34253004
0,0.4233809
0,0.4944884
0,0.60278267
0,0.7003589
0,0.6559513
0,0.52262574
0,0.32900834
0.02065108,0.20297831
0.12357063,0.08868773
0.27155465,0.15163365
0.42614883,0.4646396
0.54917,0.5616177
0.64893496,0.6261421
0.6827842,0.6781798
0.67798334,0.659653
0.6159952,0.6450315
0.64707845,0.6828693
0.53888047,0.70698553
0.4347675,0.6823614
0.31259894,0.6135855
0.16392452,0.60102916
0.04394983,0.5290781
0.000204036,0.47990224
0,0.40004495
0,0.2939142
0,0.20170537
0,0.17817391
0,0.26036182
0,0.3763388
0,0.4382195
0,0.43873847
0.021915043,0.3228238
0.13063064,0.3269489
0.28519675,0.35001534
0.44561613,0.6600466
0.5739146,0.8147217
0.67583936,0.80550516
0.738836,0.79980725
0.7559331,0.81915987
0.73893094,0.8149126
0.68456763,0.8285535
0.59415185,0.94919026
0.45191255,0.9443743
0.30260465,0.6998188
0.13083732,0.56932265
0.038441215,0.50908977
0.000219313,0.58755344
0,0.57821184
0,0.3927169
0,0.11066023
0,0.000517941
0,0
0,0
0,0
0,0.040596984
0.02008741,0.065645
0.123014554,0.12767267
0.27240005,0.09633019
0.42433572,0.22275405
0.5495177,0.4261688
0.65269685,0.5304897
0.7187382,0.56662834
0.7397048,0.6049344
0.72910076,0.6485866
0.6794978,0.6806174
0.5928977,0.67788607
0.46894115,0.6844183
0.32984802,0.7579106
0.17291261,0.7651147
0.0456781,0.64478993
0.000284343,0.57219875
0,0.59316117
0,0.47785282
0,0.2906481
0,0.115380496
0,0.0491773
0,0
0,0
0,0
0.021723213,0
0.1272158,0
0.2736005,0
0.4257717,0.03288857
0.5453566,0.08587134
0.6428938,0.09693675
0.6889591,0.09052332
0.68475974,0.17247997
0.6855186,0.246798
0.5661882,0.313119
0.44990894,0.36752623
0.37946355,0.39770386
0.21802932,0.2551283
0.14703733,0.36347422
0.046720564,0.5837497
0.000349238,0.65225476
0,0.634537
0,0.62109584
0,0.6058656
0,0.5889465
0,0.5147135
0,0.40338933
0,0.2790601
0,0.1789364
0.021785654,0.22366509
0.12818734,0.34964886
0.28186834,0.47313565
0.44010186,0.6825317
0.5668532,0.68654704
0.6683699,0.67839116
0.7326741,0.6802078
0.75180453,0.6506989
0.7369697,0.6088285
0.6809844,0.58713377
0.590746,0.5893839
0.46331173,0.60623807
0.31912696,0.5924233
0.17337407,0.6729587
0.047425866,0.60060984
0.00039845,0.57645166
0,0.47684428
0,0.33567342
0,0.2298167
0,0.17505133
0,0.14434516
0,0.09578788
0,0.057967518
0,0.067730926
0.021420695,0.14283913
0.12570743,0.23732615
0.27696863,0.32311484
0.43297705,0.4589843
0.55814105,0.4450919
0.65854144,0.40482002
0.72199005,0.36710134
0.7388614,0.31518593
0.7233061,0.25677362
0.67222035,0.23500527
0.5867594,0.2392251
0.46838138,0.275432
0.32906258,0.30639008
0.17465822,0.38587314
0.048693817,0.46077022
0.000457471,0.5300478
0,0.49977568
0,0.43242392
0,0.33112505
0,0.21192954
0,0.1227073
0,0.09587197
0,0.0969028
0,0.09060168
0.02235132,0.09579392
0.12845439,0.09624977
0.27609128,0.067479685
0.4279852,0.1260666
0.5449283,0.07951126
0.63977957,0.06834443
0.7000081,0.06328998
0.714703,0.03869287
0.69787097,0.001215601
0.64611995,0
0.5560888,0
0.44761863,0
0.3128941,0
0.16742344,0
0.047149148,0
0.000488269,0
0,0
0,0
0,0
0,0
0,0
0,0
0,0
0,0
0.021904958,0
0.12665015,0
0.2708326,0.013676906
0.42568803,0.1771125
0.5436302,0.2671769
0.6402815,0.274799
0.70108205,0.26235622
0.71744585,0.2601798
0.7037659,0.24207442
0.65500396,0.21801938
0.5687714,0.19908552
0.453892,0.1871266
0.3197115,0.11573031
0.1706955,0.089803435
0.048384026,0.12669119
0.000553879,0.24195419
0,0.26489237
0,0.30446076
0,0.42934647
0,0.5796709
0,0.62673116
0,0.57468307
0,0.5377745
0,0.48709062
0.020878445,0.2683114
0.121822186,0.18969399
0.2657393,0.116336465
0.41531515,0.22363389
0.532395,0.3804992
0.63327783,0.54728305
0.6830868,0.5960479
0.71667904,0.60972834
0.70743847,0.5915783
0.65954065,0.5708082
0.57417154,0.5946538
0.45917818,0.61955214
0.3237529,0.61490625
0.17337812,0.5801154
0.048810557,0.4747519
0.000609345,0.40701887
0,0.336356
0,0.35974813
0,0.43966255
0,0.4485834
0,0.42525947
0,0.41546777
0,0.4571041
0,0.47292402
0.021431902,0.4909867
0.12477003,0.3995204
0.27066123,0.3269688
0.4201147,0.4282424
0.54236215,0.55609435
0.64185846,0.6158005
0.7056224,0.6496329
0.72404176,0.66016096
0.7114212,0.6373148
0.66227233,0.5943938
0.574318,0.5509604
0.45803905,0.5300207
0.32183376,0.45464697
0.17305714,0.42998302
0.049292747,0.38405874
0.000655712,0.45362225
0,0.53770214
0,0.5406523
0,0.4241959
0,0.29436737
0,0.24970317
0,0.3536044
0,0.45715448
0,0.41798612
0.020963151,0.17112875
0.12146601,0.06874943
0.26571465,0.11372898
0.4159596,0.3892621
0.5362916,0.5672082
0.6419893,0.6670983
0.71526855,0.7699596
0.72823936,0.8796818
0.5048734,0.9057091
0.41854534,0.92605126
0.24967767,0.9746487
0.21698655,0.954371
0.23538513,0.77500343
0.1482848,0.72616774
0.044529,0.71358323
0.000536569,0.7331335
0,0.725481
0,0.70466554
0,0.7050191
0,0.69944614
0,0.69761294
0,0.6785512
0,0.6147287
0,0.5809281
0.01567622,0.5361086
0.08637165,0.52309227
0.19475266,0.6314215
0.35715717,0.7078211
0.44524917,0.71485794
0.48314592,0.72967464
0.38534546,0.7461122
0.3006284,0.6403076
0.28696612,0.5466488
0.2602327,0.5977045
0.21033649,0.4722317
0.14170013,0.4296966
0.07055179,0.30176452
0.02812111,0.29418603
0.010840845,0.22818145
0.000191536,0.1211884
0,0.08473353
0,0.13159163
0,0.21981505
0,0.25839862
0,0.307826
0,0.35210532
0,0.32379186
0,0.28222838
0.017774448,0.11354114
0.10255096,0.09106233
0.23311147,0.08612011
0.409935,0.08320534
0.51408017,0.065927885
0.62874395,0.07644763
0.68638843,0.15231667
0.6934411,0.24206665
0.65969974,0.34114718
0.5523778,0.422129
0.53239393,0.47357383
0.39252388,0.53259474
0.24191529,0.36470938
0.17879592,0.3923739
0.053419314,0.36215425
0.000829518,0.3629073
0,0.39590394
0,0.36810175
0,0.31931898
0,0.2899533
0,0.26098242
0,0.20213017
0,0.12736417
0,0.092364505
0.022050194,0.16005518
0.12897758,0.120292276
0.27654046,0.05063629
0.43158197,0.30369803
0.55261695,0.39170521
0.64857095,0.32985324
0.7069365,0.20766374
0.72128206,0.09965165
0.7100597,0.09452121
0.6626136,0.11765507
0.57720184,0.10609668
0.4625887,0.093675874
0.32775688,0.07181818
0.17825805,0.042910717
0.053385586,0.039616693
0.000866479,0.0421442
0,0.037715532
0,0.029376328
0,0.028270995
0,0.025119662
0,0.023393344
0,0.033608567
0,0.040050652
0,0.047387064
0.021828467,0.08063094
0.12809482,0.09408453
0.27358344,0.06481915
0.42500046,0.12981439
0.5420415,0.17083852
0.6358068,0.10311498
0.69465226,0.077901006
0.7085498,0.06044772
0.6955139,0.046203434
0.64776254,0.038105536
0.56361604,0.034887373
0.45252872,0.03563262
0.31998605,0
0.1741877,0.046736956
0.05054788,0.19378705
0.000885082,0.33146542
0,0.35802364
0,0.34339228
0,0.32446858
0,0.3198241
0,0.28854463
0,0.23384374
0,0.18486845
0,0.14249937
0.021080002,0.07363031
0.124784335,0.08213156
0.26916313,0.05401528
0.41725704,0.09434371
0.5322814,0.17487624
0.62749356,0.20546055
0.68688893,0.21904826
0.6954123,0.21121334
0.6689055,0.1725327
0.61700314,0.13876243
0.446752,0.13497233
0.35787156,0.10304331
0.21719506,0.05972376
0.105834685,0
0.039134305,0.027792145
0.000728461,0.19109982
0,0.311988
0,0.33748633
0,0.32641017
0,0.32909462
0,0.37612405
0,0.42328086
0,0.3898875
0,0.3501333
0.019888986,0.2714957
0.119530834,0.23941545
0.25615972,0.1965133
0.40485585,0.29180172
0.5230944,0.35515904
0.61233264,0.39905494
0.67728704,0.45302144
0.68016684,0.48040387
0.661242,0.47331133
0.5951262,0.45944276
0.49172276,0.48301226
0.41045693,0.53499866
0.2771767,0.39871052
0.1383513,0.40121114
0.044871606,0.4628956
0.000887037,0.59373415
0,0.69315284
0,0.7649754
0,0.81325364
0,0.8281762
0,0.7946616
0,0.762042
0,0.7441843
0,0.72013956
0.0156396,0.54824436
0.080009915,0.547203
0.19993953,0.4808368
0.31684703,0.49902183
0.43167594,0.494141
0.49990088,0.5840718
0.549998,0.6547529
0.52488387,0.7033051
0.52813095,0.6500039
0.34603268,0.69957775
0.33808115,0.6655359
0.23856296,0.6488303
0.20887353,0.45422968
0.12931873,0.29579395
0.042484496,0.20921697
0.000858625,0.21406353
0,0.27962485
0,0.3550514
0,0.4415711
0,0.51287246
0,0.5550548
0,0.53279537
0,0.47358316
0,0.43554702
0.014203303,0.37482062
0.08691084,0.28293696
0.18389122,0.31438956
0.35504472,0.45042783
0.50539696,0.6362514
0.59585726,0.7686269
0.64697134,0.80308706
0.6431953,0.7660825
0.61613196,0.69068223
0.58840966,0.6260125
0.5061385,0.603504
0.40464815,0.56412995
0.2901623,0.48643252
0.13345498,0.50889736
0.042905822,0.41583246
0.000817789,0.35395503
0,0.28974834
0,0.17302866
0,0.05782292
0,0.044495534
0,0.20253462
0,0.2082502
0,0
0,0.013454819
0.008207294,0.09958418
0.078556895,0.18505698
0.25946316,0.1759731
0.4118163,0.18376933
0.49963707,0.15805313
0.51142555,0.15167099
0.68093187,0.1671676
0.70724314,0.24411547
0.67933935,0.28314134
0.6599604,0.31120113
0.57893956,0.29844117
0.44683284,0.24561992
0.32322946,0.22519185
0.17123306,0.30191344
0.05547197,0.34332025
0.001015071,0.37575185
0,0.32465282
0,0.33852053
0,0.3280359
0,0.36643162
0,0.3846555
0,0.40287086
0,0.3866019
0,0.32329386
0.017462494,0.19221176
0.101715095,0.22346321
0.2664173,0.2973346
0.40247717,0.42775634
0.48371366,0.4237688
0.5857248,0.4950188
0.60937315,0.59282875
0.5584461,0.61218566
0.5556154,0.5601606
0.26470673,0.37015292
0.23314321,0.09358368
0.22397028,0.023721015
0.16251598,0.07026427
0.072203055,0
0.015929988,0.002699244
0.000418953,0.25405964
0,0.21106167
0,0.050590754
0,0.07832303
0,0.0899684
0,0.073975205
0,0.13360247
0,0.070248865
0,0
0.019196425,0
0.1202087,0
0.2674473,0
0.41978055,0.03850737
0.53611875,0.03751596
0.64593315,0.33482736
0.7141951,0.3776289
0.73110694,0.31945655
0.71831644,0.19354373
0.6678122,0.13078538
0.5865476,0.13363606
0.47429,0.14505142
0.33940294,0.18365169
0.18800727,0.21067874
0.05664877,0.21905966
0.001055879,0.15405728
0,0.07117858
0,0.02758335
0,0.010281205
0,0
0,0
0,0
0,0.024642432
0,0.06544939
0.020038726,0.11782122
0.12632994,0.14251518
0.27533722,0.072755955
0.42946857,0.20504585
0.54825807,0.2904881
0.6455756,0.24926992
0.7070538,0.1887062
0.7251185,0.20409717
0.7139186,0.22933348
0.6615391,0.19833364
0.5599753,0.18211067
0.42689556,0.19165498
0.30333772,0.14383416
0.18359117,0.11128533
0.055819914,0.18168028
0.001012038,0.29555988
0,0.3638816
0,0.4196203
0,0.4205669
0,0.4018108
0,0.37805918
0,0.34254077
0,0.34543696
0,0.3492957
0.019052802,0.11426212
0.122019894,0.09226208
0.26623467,0.04917873
0.41458607,0.08033498
0.5318425,0.26574403
0.6303105,0.3436115
0.6343073,0.29359773
0.6003674,0.2200442
0.6275893,0.19455335
0.60929775,0.19412996
0.52043647,0.16073416
0.4233108,0.093930796
0.26323494,0.09089537
0.13448174,0.093798965
0.046182495,0.18294518
0.000953159,0.31914547
0,0.50663894
0,0.65326864
0,0.6500088
0,0.6180153
0,0.57799083
0,0.5776799
0,0.6098737
0,0.6334067
0.014006562,0.50531614
0.08090141,0.54531956
0.16617846,0.52572054
0.21117459,0.67533016
0.20124598,0.7779304
0.30558583,0.77085274
0.47102126,0.6445424
0.5465201,0.50171584
0.46580258,0.45056406
0.4027115,0.39153114
0.33842343,0.33430246
0.17843714,0.18289655
0.10877089,0.14785674
0.08742711,0.05920553
0.025638632,0.27627784
0.000508967,0.40185794
0,0.3275599
0,0.13740176
0,0.28031063
0,0.42121533
0,0.3314762
0,0.1527809
0,0.05675044
0,0.017688561
0.016073536,0
0.1051106,0
0.22960742,0
0.34088814,0
0.48761624,0.007725668
0.58819926,0
0.5753532,0
0.4870825,0
0.4283588,0
0.4631902,0
0.45028538,0
0.35445476,0
0.22650011,0.007521093
0.11857867,0.05768006
0.037422117,0.081583045
0.000622115,0.05919123
0,0.016953956
0,0
0,0
0,0
0,0
0,0
0,0
0,0
0.010564317,0
0.08572887,0
0.1392481,0
0.14303248,0
0.17588605,0
0.20108207,0.13776402
0.10684129,0.35460877
0.082540676,0.4525228
0.0633535,0.3673424
0.05303203,0.25686827
0.05728911,0.1148416
0.09711226,0.093337275
0.12355358,0.15094714
0.14080802,0.09954307
0.046812583,0.03141453
0.000890706,0.11935985
0,0.18968889
0,0.10388114
0,0.12955768
0,0.24396013
0,0.32235014
0,0.32743573
0,0.29699716
0,0.32301962
0.017384013,0.1747023
0.12145534,0.24016316
0.27402842,0.2770416
0.43138307,0.37643534
0.5574316,0.46827462
0.6606119,0.58124876
0.69951576,0.7393069
0.7582776,0.8546516
0.75060475,0.93379444
0.6692394,0.97984415
0.5992068,1
0.49106827,1
0.34962967,0.8112886
0.1893756,0.7171437
0.055016927,0.72023827
0.00093381,0.6824111
0,0.55266994
0,0.3488442
0,0.17529264
0,0.07119635
0,0.012401092
0,0
0,0.028152015
0,0.088394955
0.017526926,0.33557248
0.123587474,0.3417217
0.2758356,0.27880567
0.43206844,0.43970263
0.5527506,0.49181572
0.6547745,0.54596853
0.7237144,0.64904857
0.7445273,0.7657488
0.7360242,0.82373
0.6892853,0.82415956
0.60060966,0.7586258
0.4823605,0.6809103
0.34390375,0.66097134
0.18655965,0.43223524
0.055322602,0.21334016
0.000856628,0.07770731
0,0.044519663
0,0.07564587
0,0.23815994
0,0.35982266
0,0.4049203
0,0.36417294
0,0.27313232
0,0.35095513
0.016588334,0.37782198
0.12053042,0.37142685
0.27037993,0.2049299
0.42103097,0.16629471
0.5357544,0.096254684
0.6376351,0.26301086
0.71412325,0.6692133
0.7417877,0.9715206
0.7242478,1
0.61406326,1
0.5672632,1
0.44461107,1
0.29210857,1
0.14922129,0.71893245
0.04670897,0.59635395
0.000798414,0.3898732
0,0.43207267
0,0.42237598
0,0.38497984
0,0.34770924
0,0.31378585
0,0.27381304
0,0.23951992
0,0.20307235
0.014787749,0.24613631
0.11017955,0.1868948
0.25347093,0.27823213
0.395496,0.45200136
0.49262753,0.47316793
0.5371604,0.5249808
0.52045155,0.5435309
0.51519704,0.58384085
0.44706842,0.6250242
0.50929755,0.6460298
0.40939423,0.6679967
0.34201732,0.6902081
0.22798605,0.553849
0.12988915,0.46411934
0.037686057,0.2675773
0.000700292,0.19385101
0,0.16246137
0,0.14696674
0,0.11197976
0,0.09910102
0,0.09746664
0,0.10529784
0,0.1135884
0,0.122506335
0.014509224,0.16759717
0.10975819,0.10169258
0.25487703,0.11379257
0.4060873,0.28647807
0.5298468,0.36297572
0.6327396,0.44201598
0.6995857,0.47782597
0.71718276,0.5048502
0.66360587,0.51057786
0.52824867,0.46731368
0.5305023,0.40505213
0.43875766,0.38925394
0.2828052,0.2857949
0.14819105,0.3131335
0.045926522,0.21952881
0.000646927,0.16216409
0,0.086022
0,0.04399673
0,0.005500662
0,0
0,0
0,0
0,0
0,0
0.014028573,0
0.10843304,0
0.24436016,0
0.36396384,0.026321435
0.44863468,0.109861575
0.5333319,0.14460173
0.65163124,0.13443944
0.6926264,0.10604285
0.67934036,0.0761591
0.63492316,0.06962278
0.544483,0.070512965
0.4383066,0.06930616
0.32142544,0.06992495
0.17644459,0.03571707
0.052308355,0.0558351
0.00067205,0.07698522
0,0.05883989
0,0.025133848
0,0
0,0
0,0.002878547
0,0
0,0
0,0
0.011206894,0
0.085613154,0
0.20514813,0
0.3408269,0
0.376309,0
0.49289587,0
0.59885085,0
0.59048116,0
0.49300933,0.026950622
0.36660305,0.023958802
0.37674212,0.060341094
0.20768397,0.10862703
0.13647357,0.27183002
0.074971445,0.20622467
0.030670423,0.22428247
0.000468787,0.1689646
0,0.07275848
0,0.03473315
0,0.013138736
0,0.0466717
0,0.0739532
0,0.082397625
0,0.08180458
0,0.08618324
0.012870543,0.09318521
0.10550674,0.07231333
0.24327198,0.005235076
0.38322544,0.043604184
0.49666432,0.040651858
0.57361096,0.038984966
0.62750506,0.048401866
0.66793555,0.08180122
0.608334,0.14836246
0.35314968,0.23302856
0.25880304,0.5924097
0.15148534,0.7094242
0.12895577,0.54992276
0.08804831,0.4448024
0.033368424,0.2989872
0.000493667,0.13185625
0,0.06343403
0,0.022088826
0,0
0,0
0,0
0,0
0,0.015019011
0,0.029218687
0.003987519,0.056535218
0.02666204,0.04531808
0.039525777,0.029560983
0.07622716,0
0.15862833,0.000526691
0.13490692,0.005813158
0.16658434,0.015589833
0.16543536,0.018206263
0.14420904,0.019937862
0.08407821,0.008928454
0.10054921,0
0.09043957,0
0.0409585,0.056518175
0.02452215,0.08494787
0.007921856,0.13674816
0.000126299,0.16965055
0,0.2189435
0,0.22046435
0,0.19118088
0,0.16985662
0,0.14188287
0,0.15965116
0,0.281784
0,0.3969367
0.001805577,0.35299036
0.020264901,0.26337594
0.0698832,0.16994068
0.15473755,0.10558684
0.24855077,0.16910616
0.41662595,0.34443605
0.57982194,0.44775224
0.6926156,0.5867997
0.65979606,0.6665303
0.5588683,0.68715227
0.5026476,0.7587465
0.3982152,0.8410591
0.27876347,0.61262685
0.14623787,0.4371454
0.039259087,0.34989807
0.000376306,0.4148003
0,0.31524044
0,0.26607466
0,0.3179916
0,0.30510482
0,0.31776997
0,0.3969968
0,0.47471318
0,0.5411137
0.01227111,0.6468853
0.095139354,0.65699476
0.19749247,0.92215693
0.27446583,1
0.28479078,1
0.35036346,1
0.35681966,1
0.5789955,1
0.5089347,0.94818777
0.5110752,0.79172385
0.51510876,0.6898554
0.44485462,0.6911114
0.28131342,0.71617115
0.13794576,0.5949375
0.044058423,0.49660102
0.000391203,0.42858526
0,0.4240618
0,0.44679707
0,0.39105356
0,0.33292738
0,0.29739696
0,0.27287856
0,0.1739823
0,0.11145747
0.012145079,0.07616403
0.11175113,0.09532454
0.2633754,0.056285474
0.42283234,0.22949424
0.5529373,0.27719033
0.657405,0.24922027
0.7233466,0.19856219
0.74189067,0.15327093
0.7301453,0.10953125
0.6812605,0.1151504
0.5954236,0.12889074
0.47991407,0.12025089
0.34203264,0.09955602
0.18692094,0.09382287
0.052876525,0.11295749
0.000357902,0.13796304
0,0.1113009
0,0.088702254
0,0.07549801
0,0.0605272
0,0.03551359
0,0.01564908
0,0
0,0
0.011887783,0
0.11182718,0
0.260727,0
0.41515133,0.011752999
0.5356407,0.016098356
0.6344919,0.014540529
0.6979318,0.00836376
0.71516013,0
0.7037751,0
0.6563799,0
0.57332855,0
0.4629849,0
0.33320433,0.014185107
0.1824005,0.053204443
0.051510047,0.106063455
0.000294925,0.17148672
0,0.1773703
0,0.18636437
0,0.22074717
0,0.257813
0,0.30327666
0,0.3495438
0,0.39980927
0,0.40808147
0.01082059,0.2787637
0.1061728,0.20875134
0.2537325,0.10641548
0.40647864,0.2224079
0.5276575,0.28856075
0.6296787,0.30979595
0.6959551,0.3156227
0.714296,0.29313546
0.7043994,0.27145156
0.66012985,0.25591958
0.5751869,0.24508806
0.46608368,0.21433052
0.3325936,0.15659608
0.17139083,0.09665587
0.049432255,0.24730362
0.000244365,0.44023955
0,0.5287196
0,0.5598592
0,0.6963424
0,0.77818894
0,0.7281207
0,0.63675016
0,0.58851296
0,0.5754339
0.010066425,0.4803146
0.10361732,0.47072238
0.250989,0.4361581
0.4041485,0.5328187
0.5261834,0.60603833
0.6290387,0.64367044
0.69418776,0.60894704
0.71136034,0.52145123
0.69505495,0.4504272
0.6404727,0.40909496
0.558661,0.4112167
0.4419526,0.39131653
0.28898168,0.4427142
0.14424424,0.32559013
0.040046882,0.25440907
0.000183309,0.33326566
0,0.374755
0,0.4516408
0,0.56261855
0,0.5955882
0,0.5556381
0,0.49675885
0,0.47307646
0,0.5018312
0.009657549,0.42415166
0.10343311,0.34378356
0.25063506,0.24186137
0.4051079,0.33690953
0.5293031,0.4418572
0.63072723,0.45721766
0.69413376,0.4144044
0.71260375,0.37753174
0.70209336,0.36227357
0.65481836,0.33977848
0.5727889,0.3207323
0.46114302,0.30216938
0.32783934,0.2418501
0.17669788,0.23460796
0.047794953,0.18015936
0.000138505,0.21281166
0,0.38795516
0,0.42604288
0,0.2966339
0,0.15581888
0,0.13730569
0,0.1770293
0,0.21702377
0,0.23267959
0.00905256,0.2639339
0.100435056,0.28261343
0.24673049,0.31870782
0.3970422,0.44164395
0.52632684,0.57503384
0.5825161,0.63978857
0.6277163,0.68122405
0.62632483,0.74986666
0.6512198,0.5260715
0.52973366,0.536769
0.4371076,0.59856176
0.22497426,0.49129042
0.093331434,0.053483203
0.06923596,0
0.020623622,0
4.69E-05,0.031662095
0,0.07075117
0,0.16472326
0,0.27739835
0,0.40548587
0,0.44185704
0,0.3372378
0,0.2947098
0,0.22184122
0.00431013,0.031260576
0.048144534,0.02165501
0.15316546,0
0.26457772,0.011203134
0.4006474,0.05478961
0.39581925,0.058327936
0.47533196,0.0688973
0.3861113,0.107914075
0.36281642,0.094164155
0.37853658,0.06975856
0.34790012,0.066417575
0.24875931,0.11021563
0.1521912,0.30984187
0.12658322,0.2849503
0.035580203,0.2184776
6.31E-05,0.26342875
0,0.27560455
0,0.21481828
0,0.13243137
0,0.081612326
0,0.0696425
0,0.05203092
0,0.038003743
0,0.027105069
0.006454566,0.09695983
0.07766132,0.10612543
0.20565158,0.19308637
0.34246436,0.17928259
0.44149438,0.15843114
0.5935416,0.15280992
0.6565218,0.17428376
0.6332068,0.20540437
0.5686477,0.18161198
0.61318207,0.12888196
0.49216497,0.091733165
0.41829497,0.086760685
0.30688167,0.07967947
0.16571087,0.06956926
0.043037135,0.0682287
3.11E-05,0.06952962
0,0.08200304
0,0.025250733
0,0
0,0
0,0
0,0
0,0.011589468
0,0.036152042
0.007189421,0
0.092127666,0.013260113
0.22935471,0.018552614
0.3815228,0.030749988
0.49524194,0.046188425
0.5996993,0.061696075
0.65340775,0.08006799
0.66520214,0.14957054
0.6436916,0.23152521
0.6107978,0.2741686
0.50172037,0.28586677
0.4249231,0.25047767
0.31093976,0.20693603
0.13350742,0.15232171
0.028090626,0
1.52E-05,0
0,0
0,0.00332135
0,0.23930234
0,0.43144473
0,0.46512038
0,0.4355919
0,0.38304287
0,0.3321619
0.006991335,0.08407912
0.09208062,0.15752158
0.23274304,0.0944236
0.39117202,0.09634536
0.5148622,0.1091151
0.6124075,0.096412845
0.66477203,0.09020407
0.69589263,0.10510907
0.669791,0.0890737
0.5338085,0.04685023
0.5449156,0.07357719
0.3603809,0.049856268
0.24645704,0.023320055
0.11423992,0
0.04019221,0.005428648
0,0.015090907
0,0.01110512
0,0.024644064
0,0.059539746
0,0.13181418
0,0.25451577
0,0.37382218
0,0.48160893
0,0.48788652
0.006529068,0.42440665
0.09103729,0.3356035
0.2174918,0.22087032
0.34238338,0.28474447
0.44261608,0.35545075
0.5229193,0.40068996
0.6068764,0.43276173
0.6538853,0.4778005
0.6651152,0.47408536
0.5985428,0.37553692
0.47428727,0.2959223
0.28801623,0.23518223
0.20444654,0
0.09844414,0.044668697
0.023271937,0.19377813
0,0.08440239
0,0.08928616
0,0.15093696
0,0.3540897
0,0.5302968
0,0.6351867
0,0.7480792
0,0.6662336
0,0.6468251
0.003974745,0.44256622
0.059040472,0.47550157
0.19799651,0.5227338
0.36320072,0.47550172
0.5111638,0.33307666
0.5972279,0.35894862
0.6518628,0.48781875
0.65239894,0.5348296
0.55669403,0.5196235
0.5915508,0.56904775
0.51632196,0.45852754
0.27380365,0.29196733
0.1593578,0.28482744
0.095123895,0.24010117
0.02493942,0.19649152
0,0.15837222
0,0.22725049
0,0.3251869
0,0.32195267
0,0.25731182
0,0.17215915
0,0.08144021
0,0.062147643
0,0.08470263
0.005133359,0.33129886
0.06938315,0.1815345
0.16034542,0.1364689
0.2393863,0.18011491
0.36337775,0.08323043
0.509666,0.06471713
0.58223414,0.059524395
0.5868893,0.08288207
0.61235887,0.27149683
0.36425325,0.20482133
0.32883298,0.04733596
0.3053627,0
0.23506644,0
0.10627384,0.25103375
0.025842205,0.5004654
0,0.5981485
0,0.56587607
0,0.6329982
0,0.6530501
0,0.5775678
0,0.5056503
0,0.46143603
0,0.38323858
0,0.23426284
0.005053463,0.1495967
0.085246265,0.086389445
0.22882426,0.057286285
0.3799904,0.0828053
0.50451577,0.07847984
0.59772736,0.07639018
0.589446,0.0797333
0.55263114,0.086440444
0.5217647,0.08769545
0.5799366,0.0926163
0.48493624,0.084910184
0.36940262,0.093930915
0.25998393,0.04801905
0.12223115,0.05538673
0.0313048,0.09123819
0,0.18921314
0,0.2355022
0,0.2598816
0,0.22703394
0,0.14653759
0,0.111642875
0,0.1380946
0,0.14048265
0,0.08547046
0.00486471,0.0787122
0.08645668,0.062987804
0.23086287,0.012767815
0.38208318,0.011966646
0.50139314,0
0.59799576,0
0.66750187,0
0.6897785,0.021513332
0.61922073,0.050456144
0.6062337,0.06217754
0.5218466,0.07679196
0.41561058,0.0963582
0.29087153,0.032527387
0.15404058,0.002447629
0.034682993,0.009883571
0,0.059216212
0,0.1441985
0,0.22244734
0,0.24036157
0,0.18674964
0,0.07615151
0,0.013258684
0,0
0,0
0.004263377,0
0.081688225,0
0.22145423,0.029482102
0.37321833,0.08051224
0.49734545,0.21526651
0.5934826,0.372168
0.61745775,0.485346
0.61331826,0.4569996
0.5896736,0.49275702
0.57776386,0.54888505
0.43856078,0.64516467
0.39371163,0.6861142
0.21084762,0.29042685
0.12637328,0.2551773
0.030028978,0.33800578
0,0.36119127
0,0.32453963
0,0.25181806
0,0.31759778
0,0.38445067
0,0.33633012
0,0.26311827
0,0.25937852
0,0.30499893
0.000756473,0.27338222
0.02193818,0.27896556
0.075247146,0.26489437
0.16043709,0.37061465
0.19819205,0.5342692
0.1733603,0.6261046
0.23245446,0.64881724
0.22262499,0.4970493
0.124368206,0.40526125
0.3680766,0.31550178
0.2684854,0.3090309
0.2852309,0.36717406
0.18136396,0.37921348
0.088805534,0.23099436
0.024869747,0.21131353
0,0.2507459
0,0.32961977
0,0.49261388
0,0.6398311
0,0.6806188
0,0.6805103
0,0.6645643
0,0.6372407
0,0.6110608
0.002220615,0.49117407
0.04936158,0.45559126
0.14122707,0.34752798
0.28261888,0.30043915
0.3740003,0.31189856
0.44231695,0.3171352
0.504981,0.3982222
0.5211499,0.4292594
0.59457797,0.45632568
0.5065361,0.48918208
0.430658,0.47539786
0.3412656,0.46472436
0.22728719,0.42569986
0.10213904,0.33039835
0.017018948,0.40131843
0,0.47021368
0,0.5667972
0,0.6840061
0,0.7423784
0,0.68924224
0,0.6407356
0,0.616914
0,0.57066804
0,0.49281016
0.003018943,0.30760577
0.07171454,0.20507349
0.20884421,0.15012752
0.34743747,0.22199844
0.44510883,0.25335956
0.51273054,0.33094215
0.5817486,0.40590325
0.60167044,0.43554336
0.5871843,0.4816692
0.52837795,0.47337765
0.46373236,0.45730898
0.36800614,0.42633593
0.23409888,0.37581453
0.1093717,0.18069366
0.024080964,0.23103091
0,0.31496337
0,0.32355067
0,0.33691004
0,0.3051089
0,0.2517311
0,0.15748093
0,0.09550681
0,0.07874191
0,0.053097557
0.002007715,0
0.054429427,0
0.16534853,0
0.33108923,9.62E-05
0.45800135,0.002525616
0.5089962,0
0.4689232,0.00455724
0.44402078,0.008421338
0.41804948,0.038968932
0.4100967,0
0.27532881,0
0.159312,0
0.14279182,0.03080318
0.11199243,0
0.017241426,0
0,0.008056509
0,0.01575917
0,0.013097608
0,0
0,0
0,0
0,0
0,0
0,0.034173753
0.001359695,0.045635343
0.036464777,0.00118947
0.085983455,0.009808528
0.1697046,0
0.2616697,0
0.45190343,0.07287681
0.57270116,0.08683996
0.6259127,0.080788806
0.603439,0.0782202
0.38541907,0.07582402
0.37699217,0.061015222
0.27153447,0.04465035
0.17175004,0.14263481
0.10329962,0.07049318
0.022487825,0
0,0
0,0
0,0
0,0
0,0
0,0
0,0
0,0.016809642
0,0.04308847
0.002265816,0.003420925
0.071214736,0
0.21141914,0
0.35732722,0
0.48141322,0
0.5787163,0
0.56386137,0
0.43481287,0
0.43068907,0.014918017
0.4837101,0.027526367
0.3270016,0.009820843
0.29145095,0
0.21348418,0.005177665
0.084191695,0
0.019304393,0
0,0.009358418
0,0.10979561
0,0.1958535
0,0.22731914
0,0.22493196
0,0.22496645
0,0.23032549
0,0.27296346
0,0.30678132
0.00180458,0.39933214
0.067958556,0.2872478
0.20830612,0.16235171
0.3602779,0.1833825
0.4823015,0.20194809
0.5892992,0.2282669
0.6509453,0.25715008
0.6732245,0.2733516
0.59034795,0.30568135
0.59641814,0.28495264
0.44724834,0.26125753
0.40845412,0.21070737
0.2598216,0.24406159
0.116585754,0.4891877
0.024609823,0.49251914
0,0.4371828
0,0.49083075
0,0.47155884
0,0.44233882
0,0.43807802
0,0.42860508
0,0.43963426
0,0.42883536
0,0.4072782
0.00169365,0.3709503
0.069051005,0.33650154
0.2115919,0.21705644
0.36764887,0.18980084
0.49046585,0.2057114
0.5897378,0.21098393
0.6441014,0.20014018
0.65916467,0.23314765
0.6583911,0.24394126
0.5994205,0.2484292
0.47559723,0.22212131
0.37144873,0.18364556
0.24823043,0.018060638
0.10497941,0.004546845
0.022192992,0.27261826
0,0.5794336
0,0.6642025
0,0.59212404
0,0.49471703
0,0.44668126
0,0.35529816
0,0.31384304
0,0.35955292
0,0.44396895
0.001553813,0.3736807
0.069544666,0.27213112
0.21316874,0.13271044
0.36661762,0.120423965
0.49097157,0.14261664
0.59311515,0.14732079
0.65909046,0.13201803
0.6773221,0.1153182
0.64639354,0.079345725
0.60894614,0.061190918
0.50699115,0.053001642
0.3893697,0.056630608
0.25829297,0.025333226
0.12964468,0.07013752
0.02107007,0.07694237
0,0.077086
0,0.052423786
0,0.047226753
0,0.0818115
0,0.14507914
0,0.17412932
0,0.17590916
0,0.16322479
0,0.09524393
0.001203952,0.039004743
0.05610558,0
0.19176185,0
0.3447286,0
0.46718094,0
0.5682903,0.022220874
0.58854884,0.055355906
0.46554562,0.06701052
0.5729108,0.0736834
0.56234825,0.075221755
0.48837227,0.078024864
0.40797666,0.08709569
0.22450435,0.15215495
0.09184567,0.17301647
0.015135169,0.25610718
0,0.25388595
0,0.2462045
0,0.31108978
0,0.45784932
0,0.5236286
0,0.55543995
0,0.5665143
0,0.5169355
0,0.49695343
0.000859435,0.51590574
0.03802295,0.56068563
0.096358195,0.4623241
0.12146276,0.43008402
0.27332607,0.5227327
0.4300234,0.6067696
0.5260284,0.59936523
0.5845848,0.57001346
0.5915402,0.5807049
0.56100523,0.47979054
0.37099975,0.40983656
0.2935523,0.29351208
0.1834164,0.05526066
0.055707324,0.045177687
0.009761728,0.03272872
0,0.032551456
0,0.011521865
0,0
0,0.037149776
0,0.07287695
0,0.09573305
0,0.15349568
0,0.21288593
0,0.23100324
0.000362624,0.3494141
0.01632405,0.20520678
0.042527217,0.055103377
0.1170445,0
0.26299757,0
0.43879944,0.021187115
0.57499695,0.08164304
0.5684982,0.1523452
0.48563135,0.19269039
0.3921437,0.27410072
0.42839333,0.32812104
0.31392917,0.33533847
0.26296958,0.10793333
0.101896,0.023928057
0.016115282,0
0,0
0,0
0,0
0,0
0,0.010558737
0,0.012581158
0,0.012713515
0,0.036624588
0,0.06853378
0.000776547,0.060228467
0.05956999,0.034505643
0.19711828,7.94E-05
0.35619882,0.012053609
0.4877728,0.10692709
0.58125937,0.33515695
0.6547828,0.27697897
0.66826266,0.21109849
0.63866544,0.15672311
0.62840545,0.12048969
0.5354737,0.09866879
0.4261476,0.0930839
0.28598338,0.09168041
0.13106254,0.16148272
0.017352948,0.2756954
0,0.32837123
0,0.28462192
0,0.20606092
0,0.13580015
0,0.101337
0,0.088925794
0,0.06636886
0,0.025019348
0,0.006507206
0.00063896,0
0.06230947,0.016626775
0.20340316,0.004128659
0.35600656,0
0.47910208,0
0.5801838,0
0.64321995,0
0.6585347,0
0.6483338,0
0.49768844,0
0.47898677,0
0.30438662,0
0.17522362,0.038034108
0.1078778,0.07853205
0.01524106,0.103390746
0,0.10744545
0,0.11225564
0,0.16994092
0,0.24991077
0,0.31130123
0,0.3331528
0,0.34678248
0,0.3355462
0,0.3637619
0.000307981,0.3918215
0.04575367,0.3356948
0.1783372,0.2202949
0.31213257,0.25795776
0.43637407,0.29625157
0.568492,0.30297497
0.5870946,0.29556197
0.5923543,0.27681705
0.5758182,0.29795536
0.503943,0.32027236
0.4165951,0.34665212
0.3287112,0.3390403
0.23073591,0.33905533
0.09428007,0.2914795
0.011534428,0.3193773
0,0.34172243
0,0.35120085
0,0.39962837
0,0.4443396
0,0.41034442
0,0.36977485
0,0.30602452
0,0.27631593
0,0.25859746
0.000323224,0.0971561
0.043281652,0.0806134
0.18153435,0.030715335
0.32951713,0.029068874
0.44789463,0.04962745
0.5379262,0.043314088
0.6007627,0.02261405
0.56258285,0.003574991
0.5753581,0.004498982
0.4332465,0
0.3049551,0.024575198
0.2446305,0.065063454
0.19587575,0
0.097267695,0
0.011909167,0.002048528
0,0
0,0
0,0
0,0
0,0.038157165
0,0.16964148
0,0.22703819
0,0.15270218
0,0.11952372
0.000279703,0.077604935
0.056653738,0.08842821
0.19654803,0.07668443
0.34691143,0.0242851
0.4660591,0
0.5601642,0
0.6207885,0
0.5796725,0
0.5548286,0.023989331
0.5222334,0.08526037
0.42652175,0.16162288
0.2645854,0.17891757
0.20408978,0.12038106
0.08770587,0.09388309
0.008962364,0.06465614
0,0.027492166
0,0
0,0
0,0.12455843
0,0.49516866
0,0.57238215
0,0.41815537
0,0.28140923
0,0.20871033
4.74E-05,0.16265701
0.007657835,0.24018714
0.034662172,0.21234924
0.11445508,0.10125626
0.20331629,0.14612009
0.40144232,0.18260254
0.5730626,0.12002498
0.6746327,0.080521226
0.6673869,0.07038026
0.6269923,0.07022426
0.5415158,0.08976996
0.42315194,0.0934231
0.2801054,0.14136456
0.12169677,0.19772437
0.012036607,0.21598576
0,0.18069206
0,0.13669655
0,0.087569736
0,0.057445813
0,0.025799084
0,0.010860384
0,0
0,0.02216481
0,0.058359314
0.000110064,0.08656826
0.055105492,0.13069966
0.20032881,0.11497255
0.36135182,0.0995507
0.49088755,0.15216446
0.6015544,0.1725075
0.67189574,0.21354112
0.69675416,0.25013345
0.6870663,0.25644127
0.63608617,0.2560997
0.54773664,0.23684624
0.3985207,0.18345727
0.25113103,0.09232638
0.1144407,0.06734306
0.010836178,0.055243585
0,0.055062488
0,0.08873639
0,0.15048438
0,0.23101883
0,0.26491728
0,0.27070123
0,0.27379683
0,0.26594776
0,0.18194665
7.88E-05,0.04608345
0.05360659,0.018230021
0.19869615,0.015564
0.35543948,0.016650628
0.48692226,0.03925444
0.5878049,0.0346344
0.6547278,0.026228094
0.67802817,0.030743683
0.6688113,0.042695068
0.62180084,0.051869012
0.53256994,0.0570076
0.41100848,0.063447885
0.269341,0.06914052
0.11247025,0.09658139
0.009521939,0.15305999
0,0.2239414
0,0.29455665
0,0.3407063
0,0.37433836
0,0.452819
0,0.5201147
0,0.58666223
0,0.6344094
0,0.6863488
1.57E-05,0.68365973
0.04821082,0.65893704
0.18087801,0.5746721
0.33537683,0.5562273
0.47771388,0.55132437
0.5551284,0.5274716
0.64649904,0.5243058
0.659158,0.53738457
0.60416865,0.6221296
0.6026855,0.73389417
0.5017482,0.6754701
0.292283,0.7444462
0.16491912,0.39409322
0.038213983,0.004408729
0.004939276,0.000130284
0,0.04741776
0,0.091629624
0,0.2681213
0,0.38159615
0,0.2885361
0,0.08553164
0,0.029017031
0,0.031807173
0,0.09481661
1.61E-05,0.22286382
0.0524009,0.22276738
0.20298068,0.15222497
0.37160113,0.33487904
0.5104777,0.46513224
0.62229127,0.51580495
0.6934674,0.5268506
0.7148164,0.51754093
0.7027384,0.51170075
0.65095407,0.5236326
0.55643076,0.5132642
0.42633516,0.48722968
0.27475232,0.5270235
0.109613076,0.3480993
0.007649583,0.1936037
0,0.08438525
0,0.024806416
0,0
0,0
0,0
0,0
0,0
0,0.032807373
0,0.08880324
0,0.14096306
0.048441917,0.11689406
0.19327836,0.08818025
0.3557801,0.08474882
0.47904015,0.095966816
0.583889,0.15983275
0.654543,0.16514617
0.66203874,0.118416384
0.63925,0.105728894
0.59986323,0.104098655
0.5240909,0.12663755
0.33402985,0.32141805
0.19401446,0.16771986
0.07681006,0.17097235
0.006511927,0.40105063
0,0.57782066
0,0.6353293
0,0.618236
0,0.5914502
0,0.5751653
0,0.5468593
0,0.5133736
0,0.4477702
0,0.30180487
0,0.22732647
0.01645376,0.2141908
0.077379644,0.32703945
0.22525302,0.2907619
0.27213684,0.30137563
0.47675982,0.20884053
0.5428111,0.09411631
0.5697292,0.04913689
0.6540512,0.031151962
0.6193164,0.034685314
0.5069422,0.04222224
0.3666925,0.06203017
0.24432948,0.055672456
0.10178166,0.09119449
0.005359195,0.20712563
0,0.15054108
0,0.06433137
0,0
0,0
0,0
0,0
0,0
0,0
0,0
0,0
0.04486242,0
0.18774931,0
0.34911215,0
0.48194686,0
0.5926029,0.00051012
0.6601818,0.005887806
0.68159527,0.008332932
0.62052757,0
0.47465095,0.008444691
0.43567145,0.03038565
0.38168147,0.04881853
0.25870427,0.07297838
0.08856238,0.095464565
0.005137438,0.15342475
0,0.0932734
0,0.070417665
0,0.07229223
0,0.025829125
0,0
0,0
0,0
0,0
0,0
0,0
0.032696772,0
0.14358626,0
0.24104661,0
0.2982748,0
0.3406521,0
0.40127987,0.024247134
0.30138865,0.0577605
0.31586435,0.09164005
0.29462317,0.22947319
0.2575069,0.32644814
0.13365237,0.3025606
0.070156194,0.14755665
0.033405684,0.055051018
0.00194626,0.037236366
0,0.038712192
0,0.031482756
0,0.018750548
0,0.013500238
0,0.011751878
0,0
0,0
0,0
0,0
0,0
0.039202094,0
0.17838858,0
0.3320662,0
0.47099468,0
0.5804612,0.03744348
0.5770988,0.07944796
0.43160096,0.078821115
0.35342574,0.065599345
0.33601472,0.055478144
0.26684374,0.057771016
0.19443057,0.054742552
0.14711007,0
0.05946759,0
0.003177675,0.003193772
0,0.018624319
0,0.05105319
0,0.08536079
0,0.0720865
0,0.044235706
0,0.011462033
0,0
0,0
0,0
0,0
0.038423926,0
0.17441504,0
0.32967225,0
0.45799923,0
0.53579414,0
0.53319085,0
0.57758635,0
0.5959971,0
0.5299105,0
0.46798924,0
0.37161818,0
0.21701734,0
0.07282935,0
0.002782548,0
0,0.004831302
0,0.13704672
0,0.24831045
0,0.29234278
0,0.26837608
0,0.20804194
0,0.12142616
0,0.08506849
0,0.08575266
0,0.06882816
0.037670057,0.06369052
0.17540328,0.042583536
0.33583483,0.041953146
0.46085778,0.055218957
0.5665642,0.0802361
0.6438056,0.1930542
0.6448936,0.26423737
0.6478671,0.27998915
0.6211418,0.2996924
0.52106273,0.31017414
0.3968654,0.31286445
0.24604113,0.36751708
0.085226595,0.3245409
0.002488573,0.31482488
0,0.2891031
0,0.38805836
0,0.45130312
0,0.37666675
0,0.2876935
0,0.24298833
0,0.1961319
0,0.15257466
0,0.18220036
0,0.23186743
0.037486974,0.2990022
0.17792085,0.24176079
0.34076458,0.22887139
0.47772506,0.3685313
0.5882627,0.3986323
0.6567902,0.36771962
0.6656364,0.36990845
0.64709264,0.36408195
0.58839077,0.33919662
0.508544,0.33802775
0.38040766,0.35074317
0.23781498,0.3213669
0.08054734,0.36866334
0.001963227,0.47750282
0,0.484202
0,0.4537313
0,0.40071496
0,0.30712047
0,0.16530004
0,0.07099843
0,0.006174028
0,0
0,0
0,0
0.035705924,0
0.17477235,0
0.33594647,0
0.4658636,0.002861261
0.5685246,0
0.6316607,0
0.6487447,0
0.63708967,0
0.58802366,0
0.49125195,0.022419333
0.35388055,0.050322294
0.192166,0.029133068
0.067419186,0.034025762
0.001425021,0.099390626
0,0.38417885
0,0.49761617
0,0.40614107
0,0.34710678
0,0.2776955
0,0.1555905
0,0.062244963
0,0.017544508
0,0
0,0.006964982
0.029260935,0.044558812
0.15414768,0.090160206
0.31095794,0.16676621
0.45799145,0.23774336
0.5709438,0.20990649
0.63833934,0.15791872
0.6477066,0.083861016
0.6200107,0.05197251
0.526135,0.025806189
0.40738165,0.019570732
0.30876625,0.028228866
0.21146978,0.04067533
0.07002403,0.06910748
0.001146578,0.15477549
0,0.27065805
0,0.26400754
0,0.21257012
0,0.15182419
0,0.07805791
0,0.026433552
0,0
0,0
0,0.014842915
0,0.041440107
0.025039151,0.063879944
0.10551915,0.07038076
0.2031743,0.07091329
0.36123833,0.14578722
0.46706882,0.12548804
0.49678972,0.08597972
0.5059084,0.0581574
0.539665,0.055774212
0.5255905,0.037863564
0.44075453,0
0.27432755,0.055252075
0.15688968,0.50354266
0.03928817,0.44178158
0.00070446,0.43848896
0,0.4811981
0,0.4092682
0,0.39733687
0,0.42782798
0,0.51021945
0,0.5907224
0,0.55369675
0,0.47626728
0,0.43253282
0,0.023837924
0.022754168,0
0.11220964,0.044537604
0.2625926,0.05931249
0.37793583,0.24930805
0.5393183,0.38715398
0.6072659,0.38645366
0.6048848,0.2831341
0.5825065,0.1736705
0.5113863,0.10760527
0.4063469,0.12365757
0.27233255,0.0928087
0.16334504,0.001306784
0.04738284,0
0.000470959,0
0,0.017116856
0,0.06121106
0,0.07657099
0,0.045166828
0,0.026540887
0,0.022939276
0,0.023578215
0,0.032327626
0,0.028918875
0,0.005326688
0.028999718,0
0.16100104,0
0.31801185,0
0.44509906,0
0.54734653,0
0.58581066,0
0.5999371,0
0.60278034,0
0.5511366,0
0.45800737,0
0.32920316,0
0.19918618,0
0.050271798,0
0.000294114,0.024114216
0,0.12340762
0,0.1623913
0,0.09175346
0,0.069146775
0,0.0845352
0,0.15198144
0,0.1984923
0,0.19531983
0,0.17055227
0,0.17544475
0.027410137,0.090717025
0.15696256,0.08265352
0.3145037,0.09468646
0.44265798,0.23813555
0.55469877,0.30815983
0.6252891,0.3301145
0.6419581,0.36882403
0.6184207,0.415667
0.5795631,0.4384224
0.46627906,0.42510304
0.32367268,0.38675132
0.16221407,0.1589324
0.044512138,0.18234326
0.00016956,0.22388954
0,0.18051863
0,0.1694114
0,0.17890385
0,0.19160157
0,0.2433147
0,0.31503782
0,0.38615423
0,0.44466642
0,0.3827771
0,0.27171656
0.025515653,0.21172667
0.1453052,0.17622077
0.3118587,0.24445279
0.44141757,0.30225387
0.5456143,0.35878986
0.55489326,0.34674862
0.59470195,0.32220504
0.56935596,0.3155523
0.54000837,0.30861694
0.44701415,0.30239692
0.3420356,0.318194
0.19350128,0.23909567
0.05011495,0.19460288
7.75E-05,0.19490844
0,0.23901479
0,0.3265254
0,0.43499863
0,0.4520331
0,0.4418621
0,0.4093676
0,0.38623914
0,0.38562477
0,0.42283702
0,0.5376086
0.025269438,0.50973105
0.1552257,0.4191209
0.31742924,0.5358357
0.45146215,0.69894016
0.56088984,0.81620604
0.58293945,0.95777375
0.5604956,0.9638528
0.539863,0.9397453
0.4046959,0.9114513
0.47824067,0.87807685
0.33833888,0.87100285
0.20038562,0.8011504
0.051417835,0.7284205
1.58E-05,0.73980904
0,0.811659
0,0.8979472
0,0.97316504
0,1
0,1
0,1
0,0.99328506
0,0.98760134
0,0.98437786
0,0.9153514
0.016453607,0.8596701
0.037346203,0.8257818
0.053713266,0.7132281
0.112727694,0.57038736
0.18783528,0.4075591
0.14556827,0.23622324
0.121020496,0.15423867
0.18153188,0.14987896
0.11829275,0.14638829
0.096019715,0.11245385
0.07198463,0.07094743
0.037260275,0
0.012832468,0
0,0
0,0
0,0
0,0
0,0
0,0
0,0
0,0
0,0
0,0.048072327
0,0.16823581
0.016922368,0.17688486
0.11918713,0.09007919
0.2991758,0.028246118
0.41693643,0.05197177
0.4931906,0.05916913
0.50804573,0.03147292
0.5119212,0.01862377
0.48023564,0.03375257
0.24013466,0.028856872
0.1979468,0
0.15037498,0
0.09081569,0
0.027868183,0
0,0
0,0
0,0.001600218
0,0.036020722
0,0.02002114
0,0
0,0
0,0
0,0
0,0
0,0.027405737
0.018429702,0.021160996
0.12558879,0.02178023
0.2764011,0
0.41574612,0
0.53632116,0
0.6183263,0
0.63372725,0
0.6160072,0
0.48613185,0
0.42886263,0
0.3332465,0
0.18555705,0.05225246
0.043391503,0.11064037
0,0.18536094
0,0.1587939
0,0.07760915
0,0.04311333
0,0.047522366
0,0.061299346
0,0.069127224
0,0.08991444
0,0.15396813
0,0.19492844
0,0.19580334
0.02077377,0.18626617
0.144506,0.14243996
0.306137,0.15235427
0.44084358,0.27470595
0.55304354,0.33822924
0.6236604,0.32758656
0.6403866,0.3352771
0.6175188,0.31243363
0.51766694,0.35308808
0.39110184,0.54146385
0.23241268,0.26228583
0.104064606,0
0.03381877,0.003677976
0,0
0,0
0,0.036453355
0,0.23481059
0,0.49862245
0,0.59587234
0,0.62322813
0,0.6206787
0,0.61450136
0,0.5625159
0,0.53508717
0.01812056,0.55147123
0.12637141,0.48234928
0.285797,0.47548392
0.44946346,0.49877256
0.5651869,0.4490041
0.6370427,0.39457574
0.65699047,0.35583517
0.6422325,0.34601367
0.58646685,0.31436545
0.48336792,0.27298132
0.34459132,0.25576153
0.18613258,0.09927676
0.039471433,0.1235344
0,0.2221622
0,0.18527512
0,0.09448187
0,0.06516571
0,0.027662097
0,0
0,0
0,0
0,0
0,0
0,0
0.019074127,0
0.14518377,0
0.30277342,0
0.42799166,0
0.5338911,0
0.6060934,0
0.63090456,0.002587092
0.6190289,0.029410804
0.5633021,0.05327501
0.465448,0.06856937
0.3291582,0.06336339
0.16502589,0
0.03532753,0.007988811
0,0.071629666
0,0.0982174
0,0.064006515
0,0.006984627
0,0.04385675
0,0.2846278
0,0.58556
0,0.65017235
0,0.6327871
0,0.6455083
0,0.5668739
0.017459778,0.4071315
0.13957354,0.22240344
0.301758,0.1587627
0.436679,0.22746786
0.5464404,0.22972535
0.61583847,0.20928091
0.62955934,0.17051451
0.55525273,0.1288955
0.48954582,0.11272152
0.39209712,0.10709109
0.22664668,0.10381365
0.14036518,0.062433526
0.03187423,0.09492485
0,0.24883084
0,0.4474708
0,0.589856
0,0.6815153
0,0.68276423
0,0.6588286
0,0.6886125
0,0.7438968
0,0.7761463
0,0.8008964
0,0.7241719
0.015959349,0.72323674
0.13013774,0.67647713
0.2854425,0.7377707
0.42632008,0.8301664
0.5390117,0.9215372
0.6149008,0.99380803
0.63345027,1
0.6003567,1
0.4994143,0.9860566
0.38409778,1
0.28608975,1
0.12605987,0.687215
0.019251019,0.53972656
0,0.52357644
0,0.6495892
0,0.7650957
0,0.81347555
0,0.85573083
0,0.798958
0,0.77291936
0,0.7859396
0,0.75135976
0,0.6753525
0,0.4285963
0.013883821,0.4340451
0.11172621,0.37011254
0.277306,0.3306045
0.4225922,0.375073
0.51845807,0.35318407
0.5434776,0.32436234
0.5729069,0.26603836
0.5418825,0.21347846
0.4647862,0.1446303
0.4031918,0.1579134
0.28278425,0.1159802
0.15382528,0.043814205
0.02394781,0
0,0.0238392
0,0.076364115
0,0.11749015
0,0.30523878
0,0.37677404
0,0.34024554
0,0.3392748
0,0.28285304
0,0.2702237
0,0.23666494
0,0.14632441
0.014042133,0.11986337
0.122535676,0.09591612
0.28103444,0.16600503
0.42588577,0.24318407
0.53937227,0.29424676
0.5999119,0.3056035
0.6189253,0.22729531
0.5875524,0.13225462
0.50799763,0.16657212
0.4023496,0.30507985
0.2621155,0.3211609
0.1160247,0.09738548
0.021730816,0.076386765
0,0.09631419
0,0
0,0.21151875
0,0.38590145
0,0.42775312
0,0.55214477
0,0.4383961
0,0.26113197
0,0.19221595
0,0.16503471
0,0.22492373
0.01175045,0.30021608
0.11124154,0.17076704
0.24301916,0.09200416
0.39962792,0.12793188
0.4749996,0.36810678
0.59469247,0.6549444
0.64197093,0.70286125
0.6129459,0.68533146
0.55770105,0.65218276
0.46532148,0.6441343
0.32361153,0.60985637
0.15950592,0.28696156
0.024516039,0.2810598
0,0.3367499
0,0.38868102
0,0.36712384
0,0.3681015
0,0.3364088
0,0.42125514
0,0.5325596
0,0.51329595
0,0.4236413
0,0.34649408
0,0.2652629
0.01326125,0.20713466
0.12099149,0.09509232
0.28547403,0.049669623
0.35402817,0.1873844
0.49278504,0.27766168
0.5498279,0.31131327
0.58692765,0.30189615
0.6048326,0.26364097
0.55518234,0.25605595
0.44997662,0.24703833
0.3076498,0.22637881
0.14856982,0.14284159
0.022111265,0.17930613
0,0.21266407
0,0.18313235
0,0.11375419
0,0.103690036
0,0.10327646
0,0.10315703
0,0.092729904
0,0.08425353
0,0.057483073
0,0.03913579
0,0.006471717
0.012459364,0.028928101
0.1305658,0.057716705
0.29444116,0.013818431
0.43485796,0.035100244
0.54689974,0.05313089
0.616591,0.059752584
0.63424784,0.07160731
0.6206133,0.24234566
0.49968466,0.32580367
0.41925216,0.36661124
0.23764627,0.34046876
0.15217485,0.26434842
0.020220434,0.3347732
0,0.28939375
0,0.21067071
0,0.19717903
0,0.15608189
0,0.13148159
0,0.10969071
0,0.08715723
0,0.07271407
0,0.048367012
0,0.022509133
0,0
0.011100001,0.005573988
0.10641684,0
0.26395127,0
0.4029544,0
0.53072506,0
0.6008683,0.012607789
0.6232138,0.060478047
0.6031711,0.08637383
0.5167689,0.11393363
0.4239355,0.1863738
0.26462066,0.20731504
0.11532204,0.079205446
0.013170696,0.17663418
0,0.30709425
0,0.24760117
0,0.12097193
0,0.1243189
0,0.19214298
0,0.20606147
0,0.23252535
0,0.2428146
0,0.23518242
0,0.21360451
0,0.083575845
0.010245844,0.106763646
0.11812581,0.15857814
0.27674344,0.18129563
0.41112325,0.2718602
0.53107876,0.41366908
0.60660493,0.5453103
0.6111938,0.60628086
0.5930127,0.60654145
0.45261195,0.5473075
0.32868266,0.48542118
0.21386479,0.34984502
0.10050875,0.049018703
0.012718666,0
0,0
0,0.22811124
0,0.49171698
0,0.40897325
0,0.33534154
0,0.23062408
0,0.12938169
0,0.093925186
0,0.15155813
0,0.26758608
0,0.35926974
0.009697336,0.28648075
0.11968241,0.22175193
0.2808147,0.079702884
0.41559196,0.075015634
0.52088004,0.04359752
0.5843891,0.004068232
0.5261956,0.019817222
0.4112855,0.07159131
0.3969484,0.20482256
0.25485748,0.35601184
0.18817864,0.43374777
0.08782912,0.35141712
0.011604597,0.29544365
0,0.25494078
0,0.3037265
0,0.3791139
0,0.4525617
0,0.5469205
0,0.6296165
0,0.6565409
0,0.69940704
0,0.74210465
0,0.74318105
0,0.7151659
0.008165211,0.7321657
0.091619454,0.6886168
0.24922863,0.7453942
0.36629874,0.9843752
0.4542095,1
0.56219614,0.9966319
0.5642854,1
0.49311596,1
0.5166464,1
0.40703335,1
0.25599536,1
0.110640556,0.88753635
0.010782179,0.8598709
0,0.7790084
0,0.7385029
0,0.69776535
0,0.740381
0,0.67235774
0,0.45192817
0,0.36079833
0,0.3671998
0,0.36577693
0,0.34999645
0,0.3233768
0.005666298,0.28015757
0.08950012,0.20389155
0.20823798,0.22442894
0.3034169,0.13981943
0.3776695,0.07093675
0.42470166,0.05933204
0.5156013,0.08225184
0.45059818,0.10749117
0.36138135,0.108602196
0.31092495,0.10731866
0.22630788,0.17303829
0.0984793,0.15340893
0.01076365,0.3210787
0,0.35059795
0,0.33843157
0,0.32885292
0,0.3120791
0,0.35758376
0,0.32325688
0,0.25264797
0,0.20313127
0,0.13022669
0,0.0929353
0,0.042985585
0.005636427,0.02209344
0.07294307,0.03596493
0.2143386,0.05693476
0.35747212,0.10912993
0.50214654,0.18848003
0.5381217,0.3245912
0.46161968,0.49474365
0.35201016,0.46780294
0.2921124,0.4146627
0.26236555,0.35901412
0.20037909,0.3083417
0.08338747,0.18874446
0.007614061,0.16414335
0,0.18956052
0,0.20136574
0,0.29937676
0,0.35582903
0,0.3651608
0,0.42414248
0,0.4652281
0,0.4186706
0,0.2922611
0,0.14895292
0,0.08736961
0.006879373,0.08986559
0.108736426,0.108448684
0.26954943,0.18273109
0.41141927,0.23578545
0.53132933,0.39886177
0.6062714,0.5185912
0.6261798,0.52962303
0.6046998,0.50807905
0.5340208,0.5205425
0.42603594,0.6175771
0.28083238,0.6699778
0.119535536,0.48669472
0.008899947,0.4094673
0,0.354725
0,0.3440689
0,0.34847936
0,0.30109
0,0.2292895
0,0.20233323
0,0.171245
0,0.12974806
0,0.09907598
0,0.12206002
0,0.09719591
0.006363529,0.07152569
0.10353132,0.03586886
0.26405692,0.02329507
0.3815437,0.01325016
0.4978327,0
0.57745385,0
0.6181457,0
0.59821415,0.014126802
0.52597106,0.04478804
0.4168634,0.07376814
0.2726838,0.093336865
0.113851406,0.07129254
0.007667618,0.08004339
0,0.091042995
0,0.094451115
0,0.0925925
0,0.066605166
0,0.03484266
0,0.0439986
0,0.058296178
0,0.039708424
0,0.06158276
0,0.0930523
0,0.0757679
0.005968907,0.17183237
0.10989569,0.23262264
0.27476585,0.17683801
0.41662693,0.3044002
0.5307234,0.39906716
0.60604936,0.51597816
0.6263843,0.6778339
0.6043305,0.7551352
0.5361261,0.80680895
0.3778644,0.89496523
0.17521593,0.8080397
0.07125567,0.51996046
0.005709974,0.37389302
0,0.40103668
0,0.4402164
0,0.462789
0,0.504822
0,0.47619957
0,0.41444737
0,0.28341216
0,0.17253865
0,0.18454531
0,0.2395854
0,0.21559021
0.00567953,0.23030435
0.1109286,0.18882759
0.2821264,0.22052664
0.42993242,0.3296084
0.54740447,0.42624804
0.6191239,0.46073934
0.63605,0.49249843
0.6125399,0.5094418
0.5422471,0.51656723
0.42684498,0.4999216
0.275179,0.4645004
0.11010151,0.31060177
0.005809147,0.26807728
0,0.2092411
0,0.120285474
0,0.0716094
0,0.042317938
0,0.016138602
0,0
0,0
0,0
0,0
0,0
0,0
0.004872073,0
0.10462565,0
0.26778975,0
0.40448222,0
0.5188124,0
0.59001017,0
0.60675555,0
0.5852175,0
0.51558954,0
0.40461195,0
0.25949425,0
0.1037447,0
0.004787563,0
0,0
0,0
0,0
0,0
0,0.009388316
0,0.024868537
0,0.060806036
0,0.112358764
0,0.18808565
0,0.17999592
0,0.123666465
0.004200414,0.10966417
0.09258389,0.1296141
0.24317352,0.097964905
0.38176462,0.23888686
0.49663377,0.35478735
0.56718993,0.37909442
0.5665185,0.36007574
0.5357246,0.3784855
0.42142355,0.38907254
0.25485742,0.3394288
0.173778,0.24237385
0.07497315,0.10729984
0.003563292,0.10210677
0,0.1711648
0,0.3424967
0,0.5463555
0,0.6641976
0,0.7031371
0,0.6235521
0,0.51703703
0,0.44607398
0,0.39534137
0,0.35810158
0,0.2397836
0.002148276,0.24109314
0.03696503,0.21052447
0.09461452,0.29349217
0.17663607,0.37325186
0.23797037,0.37405333
0.279795,0.44338378
0.48509672,0.49656045
0.5461565,0.5297382
0.46790233,0.48750493
0.35524175,0.39301217
0.22168432,0.3157207
0.08326319,0.30141854
0.002963281,0.36531708
0,0.41586348
0,0.44943032
0,0.4658867
0,0.40998134
0,0.3357685
0,0.2715625
0,0.22528179
0,0.19950879
0,0.18676092
0,0.15458053
0,0.07715032
0.00319534,0.07412732
0.09114719,0.054542683
0.24244732,0
0.36672515,0
0.47394043,0.002448738
0.519878,0.018879497
0.5526023,0.06519947
0.539351,0.12538081
0.4579234,0.12046326
0.36461064,0.090620585
0.23347506,0.13751507
0.081067726,0.457369
0.002320886,0.59006953
0,0.62282866
0,0.59424424
0,0.52696157
0,0.51702017
0,0.46255624
0,0.44156787
0,0.43243653
0,0.4379168
0,0.48077333
0,0.4935753
0,0.42196447
0.00301369,0.35743815
0.09584199,0.31073076
0.26444176,0.3602981
0.40304422,0.53340745
0.51348436,0.45415264
0.577395,0.35332233
0.5909601,0.27480707
0.5444983,0.3054967
0.5137503,0.21080308
0.39886105,0.16136888
0.248244,0.15306003
0.087882526,0.113697655
0.002024818,0.26889008
0,0.360593
0,0.3430313
0,0.3414861
0,0.313492
0,0.22651137
0,0.069429114
0,0.01365894
0,0
0,0
0,0
0,0
0.002613824,0
0.082935825,0
0.2210573,0
0.33174014,0
0.41720223,0
0.4434382,0.001246035
0.44575906,0.022145368
0.41042432,0.05643513
0.31178117,0.06030595
0.26347065,0.037725806
0.16584532,0.03066702
0.047511816,0.020122921
0.001210689,0.084225774
0,0.09755664
0,0.103279404
0,0.07489586
0,0.06867526
0,0.10492742
0,0.18339787
0,0.20601186
0,0.20558959
0,0.23220342
0,0.29044682
0,0.16125883
0.001802857,0.08792768
0.051975813,0.08809288
0.14733651,0.08060143
0.22975527,0.23574895
0.34370485,0.37231728
0.33300394,0.417524
0.3490681,0.46350595
0.43611696,0.43032035
0.25166208,0.32918793
0.26504064,0.25196642
0.14383186,0.21706508
0.05136638,0.25863734
0.000923924,0.32754955
0,0.30911875
0,0.30641416
0,0.27720225
0,0.22319926
0,0.2014447
0,0.25460994
0,0.27131823
0,0.25870815
0,0.22286318
0,0.20755063
0,0.17955548
0.001303289,0.14178373
0.04661452,0.11529656
0.14285459,0.09206972
0.21926291,0.14097312
0.3530143,0.15572442
0.38539726,0.17077757
0.43836683,0.19115634
0.36729598,0.102442734
0.38359383,0.21638979
0.24922891,0.3180663
0.095055826,0.05595701
0.044667765,0
0.000780843,0.06600616
0,0.29930988
0,0.27286178
0,0.22206423
0,0.19837557
0,0.15857448
0,0.12019744
0,0.12526292
0,0.18300329
0,0.25077906
0,0.2749998
0,0.28212047
0.001560405,0.24863784
0.08210739,0.20095901
0.23862824,0.1129673
0.3798472,0.21835169
0.48269114,0.30054292
0.4890669,0.23449871
0.38473254,0.21381831
0.41651538,0.21197937
0.34449422,0.2081778
0.2771334,0.20188403
0.2014483,0.2156566
0.069967784,0.1412363
0.000514767,0.14992349
0,0.10636974
0,0.08850064
0,0.08373394
0,0.058457375
0,0.01949302
0,0
0,0
0,0
0,1.96E-06
0,0.007402157
0,0.030290948
0.00131376,0.04364971
0.08280775,0.045412146
0.2442281,0.001705658
0.38534704,0
0.49581784,0
0.5614802,0
0.5659886,0
0.51966864,0
0.4439447,0
0.33235174,0
0.1942704,0
0.062029235,0
0.000291086,0
0,0
0,0
0,0
0,0
0,0
0,0
0,0.023571491
0,0.049049366
0,0.07271361
0,0.0717026
0,0.06430974
0.001020519,0.04411782
0.07437424,0.045852087
0.22173756,0.041544426
0.36941296,0.06425915
0.4815344,0.05921502
0.54874533,0.026807236
0.56042695,0.003820002
0.5339362,0
0.46594262,0
0.3531702,0
0.20873937,0
0.06239532,0
0.000146092,0
0,0
0,0
0,0
0,0
0,0
0,0
0,0
0,0.008924819
0,0.028716123
0,0.029302191
0,0
0.00075989,0
0.06306394,0.014801001
0.19116141,0.02348392
0.30393264,0
0.34567702,0
0.4097937,0
0.45617196,0
0.45462865,0
0.38022292,0
0.22789413,0
0.12593654,0
0.047774207,0
3.24E-05,0
0,0
0,0
0,0
0,0
0,0
0,0
0,0
0,0
0,0
0,0
0,0
0.000550388,0
0.05667006,0
0.18136641,0
0.310823,0
0.46615094,0.008615602
0.5371133,0.019152641
0.5520736,0.037367735
0.52578455,0.060279224
0.44949037,0.09094872
0.34177956,0.16946106
0.17209889,0.2320087
0.051452294,0.31397626
0,0.31175196
0,0.15443242
0,0.04656124
0,0
0,0
0,0.01929022
0,0.21916421
0,0.42373878
0,0.49635616
0,0.5277453
0,0.51005256
0,0.2914798
0.000451145,0.2751969
0.06969159,0.22292066
0.22465146,0.072290756
0.3652583,0.06913614
0.47762272,0.0803005
0.54844475,0.14635752
0.5647603,0.22840331
0.538919,0.286932
0.4661052,0.30663994
0.3490973,0.29378146
0.1982599,0.18110976
0.053133126,0.08932569
0,0.05565982
0,0.008495653
0,0
0,0
0,0
0,0
0,0
0,0.033807836
0,0.10035914
0,0.24598096
0,0.3289236
0,0.40251005
0.000320384,0.43293202
0.06815163,0.39610863
0.22547492,0.27874166
0.36522487,0.2475248
0.4795167,0.3349963
0.5504977,0.40942687
0.5647788,0.4968076
0.539014,0.52232915
0.46427044,0.51841027
0.34617493,0.5149098
0.19411129,0.3924425
0.049559273,0.36196032
0,0.29760033
0,0.26311818
0,0.2170042
0,0.21439777
0,0.26538363
0,0.30239758
0,0.23052947
0,0.1552885
0,0.13525611
0,0.121602476
0,0.1557382
0,0.24084312
0.000201173,0.2478331
0.06440617,0.27859372
0.2166011,0.14255688
0.351425,0.07282317
0.45827973,0.066012144
0.522666,0.039047003
0.5341949,0.020724297
0.5067218,0.009293628
0.42744157,0.012936771
0.31852442,0.028998077
0.17424762,0.07433767
0.043838717,0.2602162
0,0.35681042
0,0.3039247
0,0.22102588
0,0.12080345
0,0.061158154
0,0.012966431
0,0
0,0
0,0
0,0.01768601
0,0.055925414
0,0.07208943
0.000116893,0.082647994
0.060698338,0.09534115
0.21046159,0.116505235
0.3502114,0.12175152
0.46433008,0.2307603
0.53526896,0.3168148
0.5479856,0.38129792
0.52212137,0.42827252
0.44352204,0.45316914
0.31671646,0.4503034
0.17221391,0.38121444
0.041365754,0.34143263
0,0.28968877
0,0.31106806
0,0.3309466
0,0.3727505
0,0.40361944
0,0.40248567
0,0.36963764
0,0.332675
0,0.24694258
0,0.17812462
0,0.09302941
0,0.00080651
4.90E-05,0
0.04236999,0
0.12716506,0
0.19477357,0
0.26932117,0
0.24627125,0
0.1973186,0.048083175
0.21265475,0.17936899
0.26154038,0.27413654
0.17258175,0.25306025
0.09095718,0.22358301
0.015983708,0.23981175
0,0.32006606
0,0.3469719
0,0.33711237
0,0.30071774
0,0.27143785
0,0.32277048
0,0.3197669
0,0.20091298
0,0.08185988
0,0.023760414
0,0
0,0
1.67E-05,0
0.05731815,0
0.21011414,0
0.35097706,0.00435133
0.4672672,0.086399965
0.53944457,0.32747075
0.5453169,0.43713897
0.51730925,0.43199205
0.4519356,0.43005633
0.33288017,0.44080907
0.17943554,0.3700365
0.037708834,0.26209176
0,0.25948668
0,0.2533063
0,0.24616759
0,0.20368439
0,0.15802823
0,0.14294127
0,0.21044184
0,0.25137094
0,0.16709433
0,0.0842092
0,0.06718528
0,0.13647504
0,0.19166103
0.054844745,0.18456094
0.20524344,0.053970262
0.34692654,0.040767096
0.45896128,0.04897031
0.52683634,0.08235037
0.54596716,0.24954365
0.5240288,0.5122834
0.36229408,0.62310696
0.25968868,0.6150975
0.15769774,0.44953102
0.03462226,0.34254697
0,0.30534226
0,0.2742223
0,0.22587524
0,0.20753077
0,0.121986635
0,0.07728209
0,0.036542535
0,0
0,0
0,0
0,0
0,0
0,0
0.053076945,0
0.2047924,0
0.34657362,0
0.4635998,0.04899616
0.53527975,0.09345487
0.5485784,0.14057247
0.52007854,0.17338929
0.44359446,0.17435756
0.32269436,0.160013
0.17042127,0.09829342
0.03363058,0.06974459
0,0.03171154
0,0
0,0
0,0
0,0
0,0
0,0.020226229
0,0.03994491
0,0.06726161
0,0.08074989
0,0.08691239
0,0.086134866
0,0.086710356
0.050233696,0.08690935
0.19998087,0.083144255
0.3397631,0.06737361
0.45494065,0.12459914
0.52493715,0.17147097
0.5367323,0.18430908
0.5075413,0.15705937
0.43123385,0.12683675
0.31239477,0.097023845
0.16268782,0.08088011
0.030686898,0.06387303
0,0.04064684
0,0.011528027
0,0
0,0
0,0
0,0.002494156
0,0.04421842
0,0.06986642
0,0.07553601
0,0.06532643
0,0.06981101
0,0.06448622
0,0.074316904
0.04692345,0.080414176
0.190956,0.087129526
0.3297058,0.0886709
0.44282046,0.15723662
0.5131001,0.24044272
0.5273348,0.31132606
0.5013031,0.35097438
0.42455655,0.34465143
0.3062689,0.346302
0.15534624,0.314125
0.027366515,0.31168282
0,0.3110444
0,0.3175147
0,0.307514
0,0.29760566
0,0.3286675
0,0.37632018
0,0.4330666
0,0.42437032
0,0.36503112
0,0.32454047
0,0.32672837
0,0.2555147
0,0.2583084
0.044649124,0.25903997
0.1895511,0.2648325
0.32888654,0.22891787
0.44259351,0.34222817
0.51274705,0.43375236
0.5264551,0.52454996
0.498722,0.5613181
0.4205955,0.53525305
0.30170968,0.46554896
0.15228613,0.3163794
0.025555566,0.25987202
0,0.24112698
0,0.22786528
0,0.20641026
0,0.20361277
0,0.21226464
0,0.19336545
0,0.18813892
0,0.17203733
0,0.19433698
0,0.2137554
0,0.23228072
0,0.13867378
0,0.12957223
0.04197263,0.09492979
0.18334803,0.1267517
0.31990924,0.18095183
0.4338133,0.36440045
0.50273436,0.41296288
0.51398516,0.47719306
0.48508954,0.53233004
0.39500597,0.5437383
0.29206654,0.48557743
0.14774993,0.3782004
0.023593457,0.3249055
0,0.3003064
0,0.30547908
0,0.35858715
0,0.3957257
0,0.43274444
0,0.42313448
0,0.39881125
0,0.37289757
0,0.33021802
0,0.25148588
0,0.17613083
0,0.06643882
0,0.058693334
0.03932327,0.062680416
0.17726858,0.060212657
0.31132486,0.04461799
0.41780058,0.09570863
0.4880401,0.1513007
0.50319934,0.20870952
0.47721153,0.2651904
0.4045832,0.29690194
0.2902341,0.33935487
0.1432792,0.32487383
0.021502506,0.3004571
0,0.17950532
0,0.07967856
0,0.042625166
0,0.061792616
0,0.0792913
0,0.065384574
0,0.028223837
0,0
0,0
0,0
0,0
0,0.034379445
0,0.060064007
0.03842926,0.08877637
0.17847615,0.09538324
0.31501794,0.06598105
0.42793524,0.117808275
0.49758524,0.19266263
0.5097363,0.24878892
0.48221374,0.283352
0.4057663,0.29002044
0.28819305,0.25788346
0.14064458,0.18114537
0.020329263,0.21097754
0,0.16718213
0,0.117612086
0,0.09798358
0,0.11032145
0,0.17552592
0,0.23832436
0,0.27589384
0,0.2888855
0,0.28174916
0,0.2657474
0,0.23621225
0,0.1048227
0,0.08645751
0.036470946,0.080504745
0.17503263,0.10890475
0.30978653,0.086917564
0.42310154,0.21986924
0.49301946,0.32317743
0.5043181,0.38138905
0.47562337,0.40745625
0.40011057,0.38035604
0.28210926,0.33047122
0.13539277,0.22674434
0.018624032,0.14538616
0,0.07927947
0,0.04336735
0,0.03612641
0,0.041781165
0,0.057906654
0,0.06378989
0,0.06403391
0,0.057310175
0,0.043932162
0,0.04104885
0,0.04738066
0,0.043027937
0,0.05393095
0.034145832,0.056187343
0.16730121,0.09200599
0.3011536,0.09518654
0.41354886,0.2918897
0.4819653,0.37807462
0.49400964,0.42500743
0.46640983,0.45675108
0.391676,0.48233974
0.27594623,0.4808208
0.13122045,0.41052666
0.016841488,0.3910627
0,0.36616015
0,0.35309747
0,0.40126184
0,0.45142418
0,0.4610709
0,0.40435022
0,0.357254
0,0.32118446
0,0.29846224
0,0.2766525
0,0.23521148
0,0.116556615
0,0.10319695
0.031238534,0.0970846
0.15756509,0.091173954
0.28456974,0.055182148
0.39713514,0.093653604
0.4620481,0.19353846
0.48101008,0.2984685
0.45279223,0.35047624
0.38275093,0.3477762
0.26486748,0.30296645
0.123003446,0.20510054
0.014953267,0.094138786
0,0.028877152
0,0
0,0
0,0
0,0
0,0
0,0
0,0.020853173
0,0.075369835
0,0.11235484
0,0.16713089
0,0.23656783
0,0.3764614
0.029358558,0.48601285
0.15909469,0.52363956
0.2947846,0.52447087
0.40953964,0.69440275
0.47010452,0.85143954
0.47407007,0.95282996
0.46383536,1
0.3891016,1
0.2688549,0.99046034
0.12392995,0.89061016
0.01385867,0.8810637
0,0.82240313
0,0.8070691
0,0.78751063
0,0.74642336
0,0.68651414
0,0.6295502
0,0.5534322
0,0.49550548
0,0.46612594
0,0.4097045
0,0.38416854
0,0.24692766
0,0.19962503
0.026250897,0.1264586
0.14956161,0.124911435
0.28212944,0.19429617
0.39465877,0.4107524
0.46445045,0.5469354
0.46592584,0.61656916
0.44228843,0.6554984
0.36486223,0.6760285
0.25350323,0.70189047
0.1152677,0.59839743
0.012243168,0.5572621
0,0.57616526
0,0.5933641
0,0.523369
0,0.44209555
0,0.3848499
0,0.3598098
0,0.34179127
0,0.30331856
0,0.24298877
0,0.1850785
0,0.20229895
0,0.20550503
0,0.30124024
0.025913505,0.37665343
0.15181392,0.41289023
0.28391978,0.3642785
0.39401087,0.47171083
0.46240506,0.55377644
0.47441468,0.6168052
0.44618478,0.6419164
0.3709729,0.6407885
0.25556484,0.6135164
0.114537425,0.5673081
0.011331494,0.5560388
0,0.55660367
0,0.60582817
0,0.66957575
0,0.7418518
0,0.8204736
0,0.84451073
0,0.8270143
0,0.9167211
0,1
0,1
0,1
0,0.8094689
0,0.82753557
0.024247779,0.8777297
0.15839325,0.94665486
0.30478656,1
0.4175947,0.945562
0.48667923,0.9066687
0.5043441,0.91522306
0.47233585,0.86367226
0.38791433,0.7479282
0.26319414,0.59013397
0.11776565,0.3500547
0.010769559,0.090366244
0,0.022196388
0,0
0,0
0,0
0,0.017320668
0,0.092726156
0,0.2612603
0,0.41203892
0,0.50755227
0,0.58394444
0,0.63733137
0,0.57984906
0,0.64162874
0.021837868,0.706018
0.14916378,0.755443
0.296241,0.8895342
0.42044982,1
0.4932363,1
0.5070788,1
0.47462362,1
0.39059296,1
0.23490751,1
0.09182507,0.92936003
0.009215215,0.7788388
0,0.7042148
0,0.659734
0,0.6377045
0,0.6558229
0,0.6508966
0,0.5914356
0,0.5143322
0,0.5072589
0,0.50435597
0,0.45932528
0,0.3934088
0,0.24796358
0,0.18099609
0.020667268,0.18145442
0.09490521,0.30144647
0.12115731,0.4360162
0.18624926,0.5349341
0.27244177,0.68579626
0.3247174,0.75319076
0.32869282,0.7400561
0.29260936,0.7034152
0.22004214,0.666361
0.09633302,0.5965637
0.008069381,0.50152194
0,0.40928578
0,0.40821993
0,0.43717787
0,0.41193008
0,0.41629478
0,0.3729365
0,0.23776414
0,0.2120164
0,0.42429256
0,0.37626073
0,0.29979962
0,0.5390449
0,0.4290256
0.007982465,0.4333998
0.05285721,0.4832414
0.1918735,0.63894105
0.40976122,0.63790065
0.5163489,0.8119599
0.5373693,0.98824227
0.49847353,1
0.3925993,1
0.25984013,1
0.10966631,0.97045887
0.008443383,0.7276732
0,0.72356325
0,0.7040805
0,0.67394763
0,0.63791317
0,0.5976067
0,0.5401606
0,0.5402848
0,0.5631167
0,0.5455351
0,0.52583545
0,0.48592052
0,0.3443604
0,0.3144546
0.020691207,0.1782573
0.15088263,0.08357358
0.298712,0.06637478
0.4190291,0.09025235
0.4931978,0.1527787
0.5043393,0.18153694
0.47317883,0.22381002
0.39055544,0.27740958
0.26334625,0.37068617
0.11114705,0.45105493
0.007759329,0.57010776
0,0.6383364
0,0.6923942
0,0.7585872
0,0.80366
0,0.7957792
0,0.74120045
0,0.66996014
0,0.5866265
0,0.5076749
0,0.41295812
0,0.36387303
0,0.2807365
0,0.21914224
0.017910251,0.2695595
0.13215578,0.30724874
0.2719188,0.2977103
0.39396948,0.38241497
0.45761275,0.4462125
0.4612573,0.47950685
0.45100936,0.49620572
0.37666482,0.5071995
0.2533805,0.46249434
0.10276647,0.38332775
0.006515812,0.30988747
0,0.20026201
0,0.13922983
0,0.0981379
0,0.08391149
0,0.070825644
0,0.038493574
0,0
0,0
0,0.027309228
0,0.20313273
0,0.41079864
0,0.44213125
0,0.39662918
0.017281383,0.37182647
0.13981353,0.22500405
0.28500247,0.31173113
0.4041225,0.46294877
0.48200208,0.6561524
0.50676936,0.8601416
0.47239918,1
0.3359597,1
0.2188896,1
0.1040217,0.6853774
0.006263426,0.5092
0,0.40912038
0,0.38246143
0,0.38793394
0,0.3436424
0,0.24586578
0,0.10138801
0,0.05025227
0,0.00629096
0,0
0,0
0,0
0,0.004075015
0,0.027053857
0.016216874,0.029731477
0.13934214,0.04865811
0.28794068,0.07633154
0.40990052,0.123169996
0.48421812,0.14276846
0.50199616,0.17852336
0.46955752,0.19774489
0.3844291,0.212805
0.25623307,0.21438399
0.1034926,0.1872434
0.005677225,0.1263985
0,0.09123337
0,0.07700074
0,0.065499306
0,0.04114177
0,0.010621179
0,0
0,0
0,0
0,0.014049458
0,0.018290853
0,0.01779989
0,0.002306581
0,0.02878977
0.011509673,0.045161925
0.09778837,0.027522253
0.21029016,0
0.2905652,0
0.34897375,0
0.3644976,0
0.36334082,0
0.32200688,0
0.23633663,0.044915188
0.09324755,0.18958056
0.004815321,0.3802271
0,0.38824636
0,0.32515964
0,0.2026085
0,0.114632286
0,0.08717888
0,0.08909414
0,0.13009572
0,0.16229825
0,0.1747399
0,0.18884408
0,0.23823462
0,0.26049203
0,0.24742265
0.014281343,0.2197294
0.13620941,0.09848671
0.28672397,0.0981098
0.40933293,0.14225304
0.48336598,0.16214779
0.4979368,0.16235796
0.46459258,0.18132004
0.38044572,0.23034003
0.25186965,0.26216352
0.09920954,0.2603002
0.004704238,0.28974214
0,0.31640753
0,0.33082324
0,0.32921305
0,0.34568554
0,0.35923135
0,0.38411552
0,0.40256998
0,0.42428285
0,0.42655703
0,0.40741444
0,0.40709716
0,0.388634
0,0.34906092
0.012387414,0.21806672
0.12545812,0.07199476
0.2700625,0.0663826
0.38964942,0.06799595
0.4627964,0.055593513
0.47726515,0.037551437
0.44567657,0.023697807
0.36349815,0.014497817
0.23946957,0.006789076
0.09363974,0.04370378
0.004139081,0.086065196
0,0.060433388
0,0.050762508
0,0.036812592
0,0
0,0
0,0.04837787
0,0.058339052
0,0.038647868
0,0.02552116
0,0.03382622
0,0.046605695
0,0.04702871
0,0.04898578
0.009465909,0.06143634
0.089114286,0.06038427
0.18910512,0.06979425
0.2787785,0.07715544
0.32278368,0.07071674
0.32913935,0.06925144
0.30002332,0.07599979
0.23154755,0.070169784
0.15899013,0.04877757
0.066327445,0.05407057
0.003137823,0.06288807
0,0.054428004
0,0.019587219
0,0.007371665
0,0.028775312
0,0.06356611
0,0.0930326
0,0.13570802
0,0.11542905
0,0.088946536
0,0.084627695
0,0.08383934
0,0.07408345
0,0.07675476
0.009920741,0.083666354
0.11379512,0.07702174
0.24953766,0.07221065
0.3657111,0.14248987
0.43891248,0.2230771
0.45436946,0.3205531
0.42490214,0.35684758
0.34468916,0.35502172
0.22356324,0.30221894
0.08328033,0.24948047
0.003114145,0.20096453
0,0.21109048
0,0.2491369
0,0.27520132
0,0.31082812
0,0.38934562
0,0.40738145
0,0.4291875
0,0.5065589
0,0.5072647
0,0.4268624
0,0.38374975
0,0.39093164
0,0.41552198
0.005981029,0.46850753
0.056145746,0.41320136
0.1420269,0.621967
0.27246815,0.95354813
0.38589302,1
0.4334376,1
0.41342416,1
0.29624507,1
0.18304017,0.9382844
0.066319995,0.8750514
0.002423912,0.7921856
0,0.8056825
0,0.8116037
0,0.8834371
0,0.86445624
0,0.8208852
0,0.7171284
0,0.59375244
0,0.5106108
0,0.4329119
0,0.46509996
0,0.5108919
0,0.44782838
0,0.414458
0.008197872,0.38393524
0.10498478,0.37965196
0.23504561,0.46841308
0.33960605,0.6157019
0.41336536,0.7198607
0.43796736,0.80086863
0.427197,0.89321095
0.34390494,0.92053056
0.22355078,0.85664004
0.08113014,0.7324082
0.002484048,0.69103783
0,0.7111329
0,0.6989628
0,0.6921352
0,0.67782664
0,0.6365683
0,0.5329167
0,0.42367303
0,0.34910032
0,0.2927271
0,0.23080823
0,0.14825542
0,0.0737375
0,0.079171516
0.007174896,0.06945772
0.10222124,0.062470198
0.23465596,0.04452684
0.34836313,0.08848432
0.42043763,0.16205087
0.43376842,0.17654227
0.40515316,0.11982517
0.32796916,0.07662138
0.20977947,0.07747724
0.076613344,0.2132396
0.002159515,0.22307691
0,0.21439244
0,0.24554375
0,0.33211368
0,0.43702412
0,0.5421892
0,0.61887115
0,0.6319211
0,0.6161699
0,0.5935254
0,0.58147985
0,0.5771615
0,0.48435244
0,0.4877081
0.006757051,0.5188406
0.10396062,0.4837839
0.24089885,0.38499907
0.35830244,0.43780977
0.4323528,0.51010305
0.44780377,0.5458161
0.41801643,0.52016485
0.33740348,0.4368435
0.21454231,0.34789282
0.076933816,0.36321437
0.001974729,0.31135482
0,0.30296865
0,0.2956928
0,0.2706411
0,0.216125
0,0.1183723
0,0.069138765
0,0.038712587
0,0.019403959
0,0.006489432
0,0
0,0
0,0
0,0
0.005576293,0
0.09428321,0
0.22270876,0
0.3338151,0
0.40669173,0.05839634
0.42208245,0.11276008
0.39631432,0.1779133
0.32139966,0.18962196
0.20507938,0.23711856
0.07340751,0.3207498
0.001715695,0.38117525
0,0.43955058
0,0.49986202
0,0.53827083
0,0.5454863
0,0.5589117
0,0.57337785
0,0.5844612
0,0.58853453
0,0.598493
0,0.6304324
0,0.64155346
0,0.6252529
0,0.57920533
0.005183984,0.60297346
0.09484209,0.52322704
0.22738145,0.51764894
0.34208313,0.46699575
0.4143476,0.48931435
0.4289289,0.5078429
0.40064773,0.50954825
0.31988725,0.48093292
0.19724968,0.49557206
0.064754635,0.5239335
0.001484625,0.5287986
0,0.4905126
0,0.44809848
0,0.40497372
0,0.36353126
0,0.3282894
0,0.28880557
0,0.25546166
0,0.21557763
0,0.10622616
0,0.044255592
0,0
0,0
0,0
0.004329074,0
0.08661794,0
0.21038969,0.011331952
0.32189873,0.07202285
0.3765337,0.15673347
0.3922538,0.14976776
0.3120207,0.28451648
0.18106416,0.33977017
0.08556894,0.36959442
0.03031801,0.3460103
0.000868433,0.3855219
0,0.6321567
0,0.70204484
0,0.83773124
0,0.8713291
0,0.8821711
0,0.8905252
0,0.92378485
0,0.9208227
0,0.8745813
0,0.83034337
0,0.642093
0,0.3816352
0,0.36521772
0.003591118,0.36931664
0.07452692,0.28456527
0.19963825,0.40935597
0.3115465,0.6535578
0.40322995,0.71030164
0.42671406,0.7591662
0.37477043,0.80113393
0.2812678,0.8622045
0.16004926,0.9440817
0.051455423,0.9111143
0.001045076,0.7480249
0,0.78111863
0,0.7632864
0,0.71470505
0,0.71764475
0,0.69172007
0,0.70733654
0,0.7298421
0,0.68447965
0,0.59603673
0,0.51187557
0,0.43780956
0,0.2190159
0,0.09586565
0.003995049,0.05817721
0.097179435,0.033629347
0.24467596,0.03711487
0.3677249,0.012221277
0.44196272,0
0.45777118,0
0.4268782,0
0.343706,0.014313913
0.2166694,0.029084528
0.07307702,0.03481449
0.001111412,0.022230983
0,0.00412482
0,0.007196439
0,0
0,0
0,0
0,0
0,0
0,0
0,0
0,0
0,0
0,0
0,0
0.003210318,0
0.08725206,0.03740778
0.22449307,0.063745596
0.3430338,0.105599105
0.41541284,0.1510486
0.43202978,0.18678175
0.4032635,0.18249872
0.32343262,0.13211748
0.20327489,0.09436858
0.067465246,0.09674561
0.000943303,0.09529078
0,0.089794785
0,0.14644605
0,0.3119698
0,0.45649248
0,0.5064296
0,0.5379624
0,0.5489041
0,0.5806459
0,0.60340726
0,0.5828828
0,0.5461344
0,0.53532
0,0.54863125
0.002666629,0.60104334
0.082113355,0.57313323
0.21750239,0.5230795
0.33426404,0.5174098
0.39700702,0.4913998
0.40309468,0.45892596
0.3979272,0.41106305
0.32735497,0.35479373
0.20560911,0.3159104
0.067383185,0.31720787
0.000838986,0.3189778
0,0.33916384
0,0.27481166
0,0.20148154
0,0.1920699
0,0.24823292
0,0.32037395
0,0.42863214
0,0.54464746
0,0.6423797
0,0.71516764
0,0.7779204
0,0.7448408
0,0.784961
0.002098036,0.77357
0.048772536,0.757225
0.1437169,0.6150452
0.2245369,0.64984286
0.32102862,0.7182594
0.42196628,0.85237247
0.39494658,0.86795986
0.31626123,0.8584377
0.1968859,0.78971124
0.06402935,0.7350485
0.000733831,0.74840987
0,0.6648661
0,0.5836456
0,0.48161298
0,0.40670842
0,0.3966759
0,0.42765245
0,0.42792514
0,0.51421314
0,0.61343586
0,0.6908041
0,0.7533385
0,0.7096815
0,0.6979255
0.002011942,0.78180635
0.07551874,0.8374703
0.17365898,0.90710956
0.2516831,1
0.34422624,1
0.4008548,0.836622
0.39198354,0.692838
0.32031974,0.6403162
0.20581928,0.58607376
0.06689619,0.42400673
0.000696435,0.15726948
0,0.08307626
0,0.08174684
0,0.12687156
0,0.20691553
0,0.2720692
0,0.28276578
0,0.28273666
0,0.31200138
0,0.35049936
0,0.41685575
0,0.45738414
0,0.43976068
0,0.56489307
0.001532463,0.54838884
0.06961233,0.46266046
0.18437175,0.3066999
0.30231193,0.44175255
0.35169902,0.5798953
0.35429853,0.6707324
0.32300195,0.7274965
0.27240244,0.7150606
0.19710732,0.700691
0.065505594,0.7034607
0.0006469,0.6613984
0,0.65478957
0,0.5862897
0,0.51473594
0,0.42184883
0,0.3234309
0,0.30112067
0,0.30745333
0,0.30480334
0,0.29919633
0,0.30817387
0,0.35923204
0,0.42402408
0,0.45181876
0.001498895,0.45501968
0.07826179,0.35093564
0.21939142,0.44098908
0.34566262,0.71738136
0.42439786,0.7988403
0.4350296,0.8064959
0.40595323,0.80211806
0.31992394,0.7802534
0.19904588,0.637814
0.06531106,0.46413124
0.000560933,0.36039332
0,0.29908076
0,0.27346468
0,0.23236226
0,0.19323346
0,0.18893395
0,0.22437002
0,0.25353736
0,0.23885688
0,0.21148969
0,0.19516648
0,0.1941478
0,0.22703725
0,0.21534553
0.001178119,0.23267335
0.07325175,0.25663713
0.21097599,0.2527644
0.33422753,0.3962362
0.4140856,0.5065711
0.4364859,0.58460605
0.40883029,0.6385808
0.32551107,0.64139247
0.20291829,0.5820302
0.06420749,0.45654115
0.000503066,0.342731
0,0.30859792
0,0.2873064
0,0.26638535
0,0.17159995
0,0.092997454
0,0.08011544
0,0.08497338
0,0.08846233
0,0.09337959
0,0.10487806
0,0.15995464
0,0.2013796
0,0.2991771
0.000946125,0.4089676
0.071799144,0.46289757
0.20807497,0.39061034
0.33000058,0.45571288
0.40720993,0.49614248
0.42676094,0.5429123
0.39961204,0.5613831
0.32140768,0.541568
0.20072871,0.46927685
0.06356571,0.4612915
0.000446231,0.43541446
0,0.38291216
0,0.3507894
0,0.34518382
0,0.33903816
0,0.3170781
0,0.25835174
0,0.2040596
0,0.1530864
0,0.09795592
0,0.080072425
0,0.0634336
0,0.030929327
0,0.000503659
0.000722027,0
0.065424316,0
0.19232777,0
0.30762804,0
0.38306856,0.00821383
0.4018464,0.0384675
0.37728226,0.066666886
0.30311528,0.09272497
0.18827161,0.105728835
0.059319455,0.14596406
0.000404037,0.09875293
0,0.1055912
0,0.16163324
0,0.29013777
0,0.38239387
0,0.4604796
0,0.51545143
0,0.5431785
0,0.5591851
0,0.58614963
0,0.63090813
0,0.6598277
0,0.6573943
0,0.6685649
0.000573752,0.66998184
0.060741577,0.6380315
0.18479294,0.5588158
0.29743734,0.56008357
0.36766136,0.61647034
0.40107572,0.6405433
0.37267834,0.61575043
0.30380896,0.56975
0.18565777,0.52366245
0.059491135,0.5881143
0.000369009,0.61424035
0,0.63141334
0,0.63681775
0,0.63390094
0,0.61342776
0,0.5643885
0,0.5109524
0,0.489598
0,0.47983643
0,0.43121055
0,0.38973987
0,0.37078243
0,0.24170713
0,0.18218742
0.00040566,0.19742249
0.06005106,0.21714821
0.18673295,0.16310015
0.30388618,0.19160967
0.38164523,0.32360193
0.40254694,0.38859275
0.37828743,0.39681262
0.3037389,0.3987198
0.18830921,0.42348623
0.058305208,0.55513316
0.00033231,0.6448202
0,0.6749687
0,0.7421669
0,0.7970817
0,0.7968905
0,0.7729029
0,0.7778022
0,0.7803898
0,0.7424422
0,0.71851283
0,0.71797097
0,0.6969236
0,0.6215057
0,0.62807405
0.000296754,0.5559895
0.05775498,0.53692585
0.18437184,0.56194025
0.30013475,0.53032476
0.37973854,0.5890021
0.37310284,0.7521994
0.3400895,0.81928134
0.24537125,0.8182263
0.17071773,0.76425964
0.053555228,0.65693206
0.000281544,0.6496764
0,0.60051745
0,0.49220538
0,0.36631274
0,0.3159779
0,0.37628105
0,0.49896652
0,0.5529983
0,0.4981714
0,0.4838409
0,0.5217216
0,0.5594646
0,0.47806036
0,0.49014667
0.000214786,0.47367486
0.057667702,0.50338626
0.18598059,0.4442893
0.30521327,0.5673854
0.38449556,0.7064694
0.40487134,0.7391712
0.378996,0.7256151
0.30290124,0.6888407
0.18648715,0.60866034
0.057462893,0.6188045
0.00029713,0.57167935
0,0.64739007
0,0.6871393
0,0.7121128
0,0.7400271
0,0.75817406
0,0.80686355
0,0.82273406
0,0.8196207
0,0.8163657
0,0.81872976
0,0.7992248
0,0.7268246
0,0.7375373
0.000123283,0.7455337
0.053575646,0.7463939
0.1765693,0.78893805
0.29162452,0.75197506
0.36884463,0.8896619
0.39055,0.9980048
0.3663682,0.983212
0.29293177,0.9308793
0.18097192,0.91924286
0.05601053,0.92876065
0.000273792,0.7692037
0,0.73448473
0,0.7030778
0,0.6728778
0,0.7224478
0,0.7781372
0,0.80649346
0,0.75894254
0,0.6928296
0,0.7518302
0,0.81784153
0,0.78763217
0,0.6096693
0,0.5935554
6.91E-05,0.58259946
0.045543216,0.6162207
0.16150469,0.463621
0.26879165,0.5344256
0.35559773,0.5852659
0.3909953,0.56325686
0.36730042,0.5751193
0.2953229,0.57725453
0.18278481,0.47514296
0.05542771,0.41058955
0.000275423,0.28102875
0,0.23709697
0,0.19857311
0,0.22708574
0,0.28769395
0,0.30159113
0,0.31016234
0,0.32590687
0,0.33828592
0,0.28932962
0,0.14475101
0,0.030272674
0,0
0,0
3.52E-05,0
0.050951876,0
0.17392753,0
0.28645733,0
0.35764432,0
0.37679723,0
0.3516961,0
0.24510129,0
0.13933352,0
0.04321102,0
0.00024086,0
0,0
0,0.04111782
0,0.028766239
0,0
0,0
0,0
0,0
0,0
0,0
0,0.06129706
0,0.09857495
0,0.16702837
0,0.31863314
1.77E-05,0.39251998
0.033667363,0.2910307
0.10180475,0.11845096
0.18608662,0.059940435
0.26119745,0.02618402
0.26189512,0
0.25213298,0.00253644
0.18233359,0
0.07508894,0
0.015086746,0
8.58E-05,0
0,0
0,0
0,0
0,0
0,0
0,0
0,0.016428782
0,0.035160158
0,0.024197852
0,0.052084375
0,0.06510896
0,0.034402277
0,0.020883536
0,0.049096275
0.042875543,0.07130878
0.16219419,0.060642216
0.285862,0.017084384
0.3370898,0
0.35992822,0
0.32054886,0
0.27187434,0
0.16961554,0
0.05568221,0.07275743
0.000316236,0.15589091
0,0.20662549
0,0.21116914
0,0.32503617
0,0.47467616
0,0.5883479
0,0.683404
0,0.7822057
0,0.8180329
0,0.74787414
0,0.6680305
0,0.5765159
0,0.55601084
0,0.50554913
0,0.44597462
0.048465457,0.58322984
0.17725375,0.6849136
0.29785237,0.7005107
0.37545362,0.71536714
0.3980979,0.7349575
0.37462133,0.7262775
0.30168775,0.7072547
0.18769917,0.75393283
0.058680274,0.86692303
0.000300407,0.79033595
0,0.85388356
0,0.88713497
0,0.9916799
0,1
0,0.9218215
0,0.96520233
0,1
0,0.9719333
0,0.97519344
0,0.95907235
0,0.9138656
0,0.606404
0,0.47158766
0,0.37786224
0.024793943,0.4027692
0.098180555,0.44423676
0.16460603,0.6558736
0.17693512,0.49261138
0.19877115,0.38769802
0.15404709,0.30356678
0.10810083,0.16389966
0.054817602,0.126704
0.016857931,0.057650566
0.000137489,0.044519994
0,0.19811374
0,0.18381795
0,0.07649426
0,0.06265371
0,0.061174177
0,0.017547786
0,0.003464222
0,0.06526079
0,0.22262305
0,0.2654761
0,0.29130512
0,0.42227486
0,0.50279003
0,0.45075035
0.015158147,0.4714201
0.053473327,0.47308397
0.08581789,0.41233197
0.11427056,0.46397296
0.14960113,0.5583403
0.16862005,0.6289099
0.09735094,0.6773329
0.09209636,0.7305523
0.03529096,0.699974
0.000301524,0.52740824
0,0.49227813
0,0.58709025
0,0.6381605
0,0.6113698
0,0.5504386
0,0.65757084
0,0.82002205
0,0.4890294
0,0.50870204
0,0.43708077
0,0.37635082
0,0.48897153
0,0.37830433
0,0.23627473
0.03526338,0.28111517
0.17989424,0.37907705
0.30350572,0.4659248
0.38466987,0.58199626
0.4147427,0.6414075
0.36245927,0.6745342
0.27129415,0.6898309
0.16762187,0.64265394
0.054516733,0.5768276
0.00037895,0.45926806
0,0.4080145
0,0.34127912
0,0.28813744
0,0.41662022
0,0.44869766
0,0.46372157
0,0.4661955
0,0.45261967
0,0.43346992
0,0.43794805
0,0.4435339
0,0.46550047
0,0.43710586
0,0.41084048
0.04746213,0.2951561
0.18843195,0.29744074
0.32191792,0.34230444
0.41165832,0.4191054
0.4415771,0.46633935
0.41785517,0.48833197
0.3379454,0.49509984
0.21227723,0.47549522
0.06745609,0.3619133
0.000447336,0.1936932
0,0.123324916
0,0.113905616
0,0.13486369
0,0.20588674
0,0.27588272
0,0.27892485
0,0.2543003
0,0.22231682
0,0.21088511
0,0.22628447
0,0.23834355
0,0.12631968
0,0.13743266
0,0.18064755
0.044088807,0.18057798
0.17766312,0.13981476
0.3080686,0.27361003
0.39570895,0.3420329
0.42245412,0.21556352
0.40280226,0.28433612
0.32787147,0.34524044
0.20773776,0.33756873
0.066615306,0.3168508
0.000478186,0.20036262
0,0.2516942
0,0.2948733
0,0.3229412
0,0.3963457
0,0.4626545
0,0.43320206
0,0.4909967
0,0.5854001
0,0.62302893
0,0.62151915
0,0.62211555
0,0.5043387
0,0.5276378
0,0.5457022
0.043733392,0.48903692
0.17846455,0.36187857
0.30818415,0.4204691
0.3963572,0.5505107
0.42684382,0.6101083
0.40516463,0.6380098
0.32819924,0.6821953
0.20665336,0.7339897
0.06672207,0.71500945
0.000520736,0.69380474
0,0.7762238
0,0.73257065
0,0.6500707
0,0.61151177
0,0.55929935
0,0.47417852
0,0.44874728
0,0.42362422
0,0.35975003
0,0.30779696
0,0.23539712
0,0.1391128
0,0.076938964
0,0.055352423
0.04098113,0.022108769
0.16857919,0.030169858
0.29831684,0.08045771
0.3896911,0.18536684
0.42908666,0.27778706
0.4150443,0.30893862
0.33837396,0.336096
0.21520036,0.33790684
0.07033069,0.27293605
0.000602351,0.18491113
0,0.11213162
0,0.095439576
0,0.08552401
0,0.06588018
0,0.05235762
0,0.046646643
0,0.057535693
0,0.0747802
0,0.094349004
0,0.14724612
0,0.20769973
0,0.20823833
0,0.21920118
0,0.23417446
0.04268082,0.2255498
0.18163809,0.3735823
0.31623968,0.55144167
0.40743837,0.66183084
0.44192877,0.64918447
0.42327744,0.66042584
0.34505168,0.6592935
0.22068566,0.641107
0.07265727,0.5337612
0.000688056,0.3856284
0,0.3407937
0,0.34574607
0,0.37617788
0,0.3906034
0,0.35575795
0,0.28370824
0,0.20582592
0,0.11583098
0,0.08618875
0,0.060784247
0,0.05624516
0,0.045234405
0,0.03491007
0,0.03653542
0.042194206,0.044134166
0.18013631,0.0175066
0.31406647,0.059294727
0.40408748,0.07807598
0.43323168,0.07844231
0.41230968,0.07716765
0.33608198,0.06798544
0.21455464,0.048310854
0.071795374,0.039944064
0.000739772,0
0,0
0,0
0,0
0,0
0,0.03212918
0,0.11086543
0,0.22537783
0,0.22618772
0,0.1663481
0,0.15117404
0,0.16770452
0,0.089130715
0,0.19346097
0,0.30153522
0.035165723,0.33220026
0.1555719,0.24116167
0.2903522,0.33082336
0.38397434,0.43122852
0.40993828,0.48556402
0.34382293,0.41325438
0.21276654,0.2748299
0.11995391,0.13675565
0.04123646,0.09181256
0.000592796,0.07387388
0,0.045742072
0,0
0,0
0,0
0,0
0,0.007386637
0,0.010265327
0,0.021587133
0,0.03828901
0,0.032269668
0,0.025333082
0,0.021401644
0,0.009066725
0,0
0.03779194,0
0.16725022,0
0.2962586,0
0.38488045,0.015584111
0.4183332,0.06807356
0.40156683,0.12455554
0.32934847,0.1833023
0.21201044,0.19310544
0.07166119,0.17400806
0.000904672,0.120248556
0,0.1742986
0,0.22903503
0,0.27530837
0,0.26895592
0,0.26523116
0,0.3063837
0,0.35736716
0,0.4097706
0,0.45078447
0,0.4877698
0,0.5176482
0,0.4294082
0,0.44661123
0,0.43647793
0.036405273,0.39381462
0.16290022,0.31513113
0.28801262,0.23792574
0.3739453,0.2768106
0.40291786,0.26064658
0.38439775,0.21285085
0.3132508,0.13836674
0.20049185,0.08402426
0.06841889,0.090616204
0.000974345,0.04822264
0,0.020524098
0,0.013911904
0,0.04213778
0,0.08216637
0,0.15756965
0,0.25325882
0,0.32507247
0,0.3647697
0,0.43205678
0,0.46825692
0,0.5101309
0,0.4537876
0,0.48948947
0,0.51892364
0.03629582,0.5558022
0.16411664,0.56199175
0.2904209,0.49021742
0.37520912,0.5240844
0.3880302,0.5470209
0.36505258,0.5268095
0.29353446,0.46325597
0.17750773,0.3700027
0.061327722,0.34639397
0.00105118,0.2172335
0,0.19325547
0,0.1636594
0,0.0905581
0,0.048124183
0,0.020817531
0,0.02154473
0,0.030466294
0,0.047249272
0,0.0458238
0,0.050598
0,0.07743945
0,0.20441236
0,0.17907096
0,0.119246304
0.029754067,0.12717462
0.14875998,0.07528126
0.27745315,0.026366794
0.3607094,0
0.38912398,0
0.37072152,0
0.3040886,0
0.19808172,0
0.07025523,0
0.00119587,0
0,0
0,0
0,0
0,0.024261057
0,0.08921282
0,0.14405106
0,0.15863052
0,0.15029433
0,0.113369785
0,0.106214136
0,0.095881015
0,0.06388102
0,0.066969275
0,0.06731312
0.03446136,0.0704298
0.15840696,0.06416941
0.28291285,0.046291612
0.36764798,0.066326216
0.39856654,0.07686171
0.3829392,0.08342864
0.31553188,0.07635486
0.20524688,0.056621075
0.072637066,0.05391023
0.001392607,0.002394223
0,0
0,0
0,0
0,0
0,0
0,0
0,0
0,0
0,0
0,0
0,0
0,0
0,0
0,0
0.033888657,0
0.1550281,0
0.27201083,0
0.35377872,0
0.3828693,0.037228476
0.36113954,0.08628464
0.2999909,0.09802437
0.19523893,0.087564036
0.06897537,0.0967427
0.001541625,0.1359817
0,0.1538546
0,0.18421718
0,0.2638318
0,0.35949713
0,0.40364218
0,0.42135292
0,0.45089185
0,0.49320614
0,0.5564182
0,0.54258865
0,0.519913
0,0.445148
0,0.5944928
0,0.6574241
0.022611862,0.5910538
0.09639781,0.51335466
0.18915437,0.5294595
0.26520357,0.5208604
0.30056906,0.46681044
0.32603407,0.45726964
0.28840303,0.4742548
0.20514683,0.48128346
0.076815195,0.5651042
0.001709481,0.4460651
0,0.41163144
0,0.40980753
0,0.40103358
0,0.46106464
0,0.52980375
0,0.51816624
0,0.49346748
0,0.46683916
0,0.47307178
0,0.48344082
0,0.4699079
0,0.42343956
0,0.53314036
0,0.5431437
0.018393798,0.4213818
0.07958077,0.56206614
0.17129205,0.77807814
0.23010816,0.73023146
0.25984842,0.7160723
0.2415506,0.69115454
0.1812859,0.66367215
0.14935489,0.6565351
0.06537642,0.43289053
0.001891742,0.18000376
0,0.1379886
0,0.13362822
0,0.08457293
0,0.029812371
0,0
0,0
0,0
0,0
0,0
0,0
0,0
0,0
0,0
0,0.06441531
0.033227593,0.13966495
0.1573621,0.16664495
0.2813617,0.13063586
0.37109005,0.23626013
0.40403724,0.3051125
0.39229155,0.33031127
0.32536894,0.33643073
0.21151812,0.28942108
0.0798392,0.302763
0.002251859,0.35694703
0,0.39685053
0,0.44986138
0,0.46043438
0,0.42678213
0,0.39999357
0,0.36604682
0,0.34963977
0,0.34815565
0,0.3387166
0,0.3494518
0,0.32941726
0,0.17518976
0,0.12676483
